"cod_ceres","nombre_dependencia","zona","region","organismo","tipo_servicio","cantidad_beneficiarios","ano"
"ACC-0023","3 DE ABRIL","CAPITAL","CAPITAL","ACCION SOCIAL","COMIDAS","260","2026"
"ACC-0128","ASOCIACION CIVIL LA AMISTAD","CAPITAL","CAPITAL","ACCION SOCIAL","REFRIGERIOS","280","2026"
"ACC-0115","ASOCIACION CIVIL MISIONEROS DE LA ESPERANZA","CAPITAL","CAPITAL","ACCION SOCIAL","REFRIGERIOS","30","2026"
"ACC-0081","ASOCIACION FOTOS DEL ALMA","CAPITAL","CAPITAL","ACCION SOCIAL","COMIDAS","20","2026"
"ACC-0081","ASOCIACION FOTOS DEL ALMA","CAPITAL","CAPITAL","ACCION SOCIAL","REFRIGERIOS","30","2026"
"ACC-0123","Bº RIO PARANA (SEMBRANDO SUEÑOS)","CAPITAL","CAPITAL","ACCION SOCIAL","REFRIGERIOS","115","2026"
"ACC-0086","C. D. BOSCO DOMINGO Y LAURA","CAPITAL","CAPITAL","ACCION SOCIAL","COMIDAS","60","2026"
"ACC-0086","C. D. BOSCO DOMINGO Y LAURA","CAPITAL","CAPITAL","ACCION SOCIAL","REFRIGERIOS","100","2026"
"ACC-0033","C.C.I. CARIDI Nº 11","CAPITAL","CAPITAL","ACCION SOCIAL","REFRIGERIOS","140","2026"
"ACC-0033","C.C.I. CARIDI Nº 11","CAPITAL","CAPITAL","ACCION SOCIAL","COMIDAS","200","2026"
"ACC-0034","C.C.I. HECTORCITO","CAPITAL","CAPITAL","ACCION SOCIAL","REFRIGERIOS","130","2026"
"ACC-0034","C.C.I. HECTORCITO","CAPITAL","CAPITAL","ACCION SOCIAL","COMIDAS","140","2026"
"ACC-0037","C.C.I. M. EVA Y J. MANUEL","CAPITAL","CAPITAL","ACCION SOCIAL","REFRIGERIOS","90","2026"
"ACC-0037","C.C.I. M. EVA Y J. MANUEL","CAPITAL","CAPITAL","ACCION SOCIAL","COMIDAS","150","2026"
"ACC-0035","C.C.I. MARÍA AUXILIADORA","CAPITAL","CAPITAL","ACCION SOCIAL","REFRIGERIOS","110","2026"
"ACC-0035","C.C.I. MARÍA AUXILIADORA","CAPITAL","CAPITAL","ACCION SOCIAL","COMIDAS","250","2026"
"ACC-000032","C.C.I. PARANACITO","CAPITAL","CAPITAL","ACCION SOCIAL","REFRIGERIOS","180","2026"
"ACC-000032","C.C.I. PARANACITO","CAPITAL","CAPITAL","ACCION SOCIAL","COMIDAS","260","2026"
"ACC-0031","C.C.I. SANTA RITA (Nº 01)","CAPITAL","CAPITAL","ACCION SOCIAL","REFRIGERIOS","80","2026"
"ACC-0031","C.C.I. SANTA RITA (Nº 01)","CAPITAL","CAPITAL","ACCION SOCIAL","COMIDAS","130","2026"
"MDS_07202409","C.P.C. PALOMA DE LA PAZ","CAPITAL","CAPITAL","ACCION SOCIAL","REFRIGERIOS","50","2026"
"ACC-0028","CABO DE HORNOS","CAPITAL","CAPITAL","ACCION SOCIAL","COMIDAS","70","2026"
"ACC-0046","CAPILLA  SANTA MARTA","CAPITAL","CAPITAL","ACCION SOCIAL","COMIDAS","160","2026"
"ACC-0046","CAPILLA  SANTA MARTA","CAPITAL","CAPITAL","ACCION SOCIAL","REFRIGERIOS","160","2026"
"MDS_ACC_2617","CAPILLA GUADALUPE","CAPITAL","CAPITAL","ACCION SOCIAL","REFRIGERIOS","40","2026"
"SDH-CE-10","CAPILLA ROSELO","CAPITAL","CAPITAL","ACCION SOCIAL","REFRIGERIOS","30","2026"
"ACC-0071","CAPILLA SAN IGNACIO DE LOYOLA (Nº 72)","CAPITAL","CAPITAL","ACCION SOCIAL","COMIDAS","80","2026"
"ACC-0067","CAPILLA SAN JOSÉ","CAPITAL","CAPITAL","ACCION SOCIAL","REFRIGERIOS","70","2026"
"ACC-0067","CAPILLA SAN JOSÉ","CAPITAL","CAPITAL","ACCION SOCIAL","COMIDAS","180","2026"
"ACC-0118","CAPILLA VIRGEN DE ITATI","CAPITAL","CAPITAL","ACCION SOCIAL","REFRIGERIOS","160","2026"
"ACC-0112","CAPILLA VIRGEN DE LUJAN","CAPITAL","CAPITAL","ACCION SOCIAL","REFRIGERIOS","80","2026"
"ACC-0069","CAPILLA VIRGEN DEL CARMEN (Nº 19)","CAPITAL","CAPITAL","ACCION SOCIAL","REFRIGERIOS","100","2026"
"ACC-0069","CAPILLA VIRGEN DEL CARMEN (Nº 19)","CAPITAL","CAPITAL","ACCION SOCIAL","COMIDAS","160","2026"
"ACC -0050","CARITA DE ÁNGEL","CAPITAL","CAPITAL","ACCION SOCIAL","REFRIGERIOS","50","2026"
"ACC-0049","CARITAS SUCIAS (Nº 44)","CAPITAL","CAPITAL","ACCION SOCIAL","COMIDAS","70","2026"
"ACC-0049","CARITAS SUCIAS (Nº 44)","CAPITAL","CAPITAL","ACCION SOCIAL","REFRIGERIOS","120","2026"
"ACC-0054","CENTRO AT. PERSONAS ESP.(CAPES SONUA)","CAPITAL","CAPITAL","ACCION SOCIAL","REFRIGERIOS","100","2026"
"ACC-0054","CENTRO AT. PERSONAS ESP.(CAPES SONUA)","CAPITAL","CAPITAL","ACCION SOCIAL","COMIDAS","100","2026"
"ACC-0048","CENTRO COM. SANTA ISABEL","CAPITAL","CAPITAL","ACCION SOCIAL","REFRIGERIOS","150","2026"
"ACC-0048","CENTRO COM. SANTA ISABEL","CAPITAL","CAPITAL","ACCION SOCIAL","COMIDAS","180","2026"
"ACC-0036","CENTRO INTEGRAL CRUZ ROJA","CAPITAL","CAPITAL","ACCION SOCIAL","REFRIGERIOS","110","2026"
"ACC-0036","CENTRO INTEGRAL CRUZ ROJA","CAPITAL","CAPITAL","ACCION SOCIAL","COMIDAS","150","2026"
"ACC-0099","CENTRO MISIONERO POMPEYA","CAPITAL","CAPITAL","ACCION SOCIAL","REFRIGERIOS","80","2026"
"ACC-0006","CIDECO","CAPITAL","CAPITAL","ACCION SOCIAL","COMIDAS","280","2026"
"ACC-0006","CIDECO","CAPITAL","CAPITAL","ACCION SOCIAL","REFRIGERIOS","70","2026"
"SDH-CE-13","CLUB CURUPAY 1","CAPITAL","CAPITAL","ACCION SOCIAL","REFRIGERIOS","160","2026"
"SDH-CE-14","CLUB CURUPAY 2","CAPITAL","CAPITAL","ACCION SOCIAL","REFRIGERIOS","75","2026"
"ACC-8128","CLUB LIPTON","CAPITAL","CAPITAL","ACCION SOCIAL","REFRIGERIOS","25","2026"
"ACC-0073","COM. HERMANA CRISTINA ROSA MÍSTICA","CAPITAL","CAPITAL","ACCION SOCIAL","REFRIGERIOS","280","2026"
"ACC-0073","COM. HERMANA CRISTINA ROSA MÍSTICA","CAPITAL","CAPITAL","ACCION SOCIAL","COMIDAS","270","2026"
"ACC-0020","COM. NUESTRA SRA. DE LUJÁN","CAPITAL","CAPITAL","ACCION SOCIAL","REFRIGERIOS","160","2026"
"ACC-0020","COM. NUESTRA SRA. DE LUJÁN","CAPITAL","CAPITAL","ACCION SOCIAL","COMIDAS","160","2026"
"ACC-0011","COM. SAN BENITO","CAPITAL","CAPITAL","ACCION SOCIAL","REFRIGERIOS","130","2026"
"ACC-0011","COM. SAN BENITO","CAPITAL","CAPITAL","ACCION SOCIAL","COMIDAS","275","2026"
"MDS_07202401","COMEDOR BARRIGUITA FELIZ","CAPITAL","CAPITAL","ACCION SOCIAL","REFRIGERIOS","30","2026"
"MDS_07202401","COMEDOR BARRIGUITA FELIZ","CAPITAL","CAPITAL","ACCION SOCIAL","COMIDAS","30","2026"
"ACC-0056","COMEDOR EBENEZER","CAPITAL","CAPITAL","ACCION SOCIAL","COMIDAS","230","2026"
"MDS_08012024","COMEDOR FUNDACIÓN ANIMAR","CAPITAL","CAPITAL","ACCION SOCIAL","REFRIGERIOS","40","2026"
"MDS_08012024","COMEDOR FUNDACIÓN ANIMAR","CAPITAL","CAPITAL","ACCION SOCIAL","COMIDAS","40","2026"
"MDS_07202402","COMEDOR LOS NIÑOS POR UNA SONRISA","CAPITAL","CAPITAL","ACCION SOCIAL","REFRIGERIOS","30","2026"
"MDS_07202402","COMEDOR LOS NIÑOS POR UNA SONRISA","CAPITAL","CAPITAL","ACCION SOCIAL","COMIDAS","30","2026"
"ACC_SOC_C","COMEDOR MADRE MARAVILLA","CAPITAL","CAPITAL","ACCION SOCIAL","COMIDAS","115","2026"
"ACC_SOC_C","COMEDOR MADRE MARAVILLA","CAPITAL","CAPITAL","ACCION SOCIAL","REFRIGERIOS","115","2026"
"MDS_0112025","COMEDOR MI REFUGIO","CAPITAL","CAPITAL","ACCION SOCIAL","COMIDAS","40","2026"
"MDS_0112025","COMEDOR MI REFUGIO","CAPITAL","CAPITAL","ACCION SOCIAL","REFRIGERIOS","40","2026"
"MDS_07202403","COMEDOR NENECO","CAPITAL","CAPITAL","ACCION SOCIAL","COMIDAS","40","2026"
"MDS_07202403","COMEDOR NENECO","CAPITAL","CAPITAL","ACCION SOCIAL","REFRIGERIOS","30","2026"
"ACC_SOC_C1","COMEDOR NTRA. SEÑORA DE ITATÍ","CAPITAL","CAPITAL","ACCION SOCIAL","COMIDAS","40","2026"
"ACC_SOC_C1","COMEDOR NTRA. SEÑORA DE ITATÍ","CAPITAL","CAPITAL","ACCION SOCIAL","REFRIGERIOS","40","2026"
"MDS_07202405","COMEDOR PANCITA FELIZ","CAPITAL","CAPITAL","ACCION SOCIAL","REFRIGERIOS","20","2026"
"MDS_07202405","COMEDOR PANCITA FELIZ","CAPITAL","CAPITAL","ACCION SOCIAL","COMIDAS","20","2026"
"ACC-0200","COMEDOR PANCITA LLENA","CAPITAL","CAPITAL","ACCION SOCIAL","COMIDAS","40","2026"
"ACC-0200","COMEDOR PANCITA LLENA","CAPITAL","CAPITAL","ACCION SOCIAL","REFRIGERIOS","40","2026"
"MDS_07202404","COMEDOR PAPA FRANCISCO","CAPITAL","CAPITAL","ACCION SOCIAL","REFRIGERIOS","40","2026"
"MDS_07202404","COMEDOR PAPA FRANCISCO","CAPITAL","CAPITAL","ACCION SOCIAL","COMIDAS","40","2026"
"MDS_07202406","COMEDOR PEQUEÑO MILAGRO","CAPITAL","CAPITAL","ACCION SOCIAL","REFRIGERIOS","40","2026"
"MDS_07202406","COMEDOR PEQUEÑO MILAGRO","CAPITAL","CAPITAL","ACCION SOCIAL","COMIDAS","40","2026"
"MDS_0122023","COMEDOR RINCÓN DE LUZ Y DOÑA BEBA","CAPITAL","CAPITAL","ACCION SOCIAL","COMIDAS","40","2026"
"MDS_0122023","COMEDOR RINCÓN DE LUZ Y DOÑA BEBA","CAPITAL","CAPITAL","ACCION SOCIAL","REFRIGERIOS","40","2026"
"ACC-0030","COMEDOR SAGRADA FAMILIA II","CAPITAL","CAPITAL","ACCION SOCIAL","REFRIGERIOS","80","2026"
"ACC-0030","COMEDOR SAGRADA FAMILIA II","CAPITAL","CAPITAL","ACCION SOCIAL","COMIDAS","90","2026"
"COM_ACC_Soc","COMEDOR SAN EXPEDITO","CAPITAL","CAPITAL","ACCION SOCIAL","REFRIGERIOS","220","2026"
"COM_ACC_Soc","COMEDOR SAN EXPEDITO","CAPITAL","CAPITAL","ACCION SOCIAL","COMIDAS","200","2026"
"MDS_07202407","COMEDOR SAN MARTÍN DE PORRES","CAPITAL","CAPITAL","ACCION SOCIAL","REFRIGERIOS","20","2026"
"MDS_07202407","COMEDOR SAN MARTÍN DE PORRES","CAPITAL","CAPITAL","ACCION SOCIAL","COMIDAS","20","2026"
"MDS_07202408","COMEDOR SANTA CATALINA","CAPITAL","CAPITAL","ACCION SOCIAL","REFRIGERIOS","40","2026"
"MDS_07202408","COMEDOR SANTA CATALINA","CAPITAL","CAPITAL","ACCION SOCIAL","COMIDAS","20","2026"
"ACC-0001","COMEDOR SANTA CECILIA","CAPITAL","CAPITAL","ACCION SOCIAL","REFRIGERIOS","225","2026"
"ACC-0001","COMEDOR SANTA CECILIA","CAPITAL","CAPITAL","ACCION SOCIAL","COMIDAS","325","2026"
"ACC_SOC_COM","COMEDOR SANTA LUCÍA","CAPITAL","CAPITAL","ACCION SOCIAL","REFRIGERIOS","70","2026"
"ACC_SOC_COM","COMEDOR SANTA LUCÍA","CAPITAL","CAPITAL","ACCION SOCIAL","COMIDAS","70","2026"
"NACC-16","COMEDOR SANTA LUCÍA II","CAPITAL","CAPITAL","ACCION SOCIAL","REFRIGERIOS","60","2026"
"NACC-16","COMEDOR SANTA LUCÍA II","CAPITAL","CAPITAL","ACCION SOCIAL","COMIDAS","60","2026"
"mds-2021-p7","COMEDOR STELLA MARIS","CAPITAL","CAPITAL","ACCION SOCIAL","COMIDAS","40","2026"
"mds-2021-p7","COMEDOR STELLA MARIS","CAPITAL","CAPITAL","ACCION SOCIAL","REFRIGERIOS","40","2026"
"MDS_08052024","COMEDOR Y MERENDERO "" SOL""","CAPITAL","CAPITAL","ACCION SOCIAL","COMIDAS","50","2026"
"MDS_08052024","COMEDOR Y MERENDERO "" SOL""","CAPITAL","CAPITAL","ACCION SOCIAL","REFRIGERIOS","50","2026"
"MDS_08022024","COMEDOR Y MERENDERO ""MAMÁ ATA""","CAPITAL","CAPITAL","ACCION SOCIAL","COMIDAS","30","2026"
"MDS_08022024","COMEDOR Y MERENDERO ""MAMÁ ATA""","CAPITAL","CAPITAL","ACCION SOCIAL","REFRIGERIOS","30","2026"
"ACC-0038","COMPLEJO FILADELFIA (Nº 58)","CAPITAL","CAPITAL","ACCION SOCIAL","COMIDAS","100","2026"
"ACC-0038","COMPLEJO FILADELFIA (Nº 58)","CAPITAL","CAPITAL","ACCION SOCIAL","REFRIGERIOS","90","2026"
"ACCSOC106","CORAZÓN CONTENTO","CAPITAL","CAPITAL","ACCION SOCIAL","REFRIGERIOS","40","2026"
"ACCSOC106","CORAZÓN CONTENTO","CAPITAL","CAPITAL","ACCION SOCIAL","COMIDAS","50","2026"
"ACC-0079","DIVINO NIÑO","CAPITAL","CAPITAL","ACCION SOCIAL","COMIDAS","180","2026"
"ACC-0079","DIVINO NIÑO","CAPITAL","CAPITAL","ACCION SOCIAL","REFRIGERIOS","30","2026"
"ACC-0117","EL ANGEL","CAPITAL","CAPITAL","ACCION SOCIAL","REFRIGERIOS","50","2026"
"ACC-0004","EL OBRERITO","CAPITAL","CAPITAL","ACCION SOCIAL","COMIDAS","110","2026"
"ACC-0098","EL PASITO","CAPITAL","CAPITAL","ACCION SOCIAL","COMIDAS","150","2026"
"ACC-0021","EMANUEL","CAPITAL","CAPITAL","ACCION SOCIAL","COMIDAS","200","2026"
"CE-MDS-2022","ESCUELA ERAGIA","CAPITAL","CAPITAL","ACCION SOCIAL","REFRIGERIOS","40","2026"
"CE-MDS-2022","ESCUELA ERAGIA","CAPITAL","CAPITAL","ACCION SOCIAL","COMIDAS","40","2026"
"ACC-0114","ESCUELA ESPECIAL  CARIDI","CAPITAL","CAPITAL","ACCION SOCIAL","REFRIGERIOS","140","2026"
"ACC-0026","ESPERANZA","CAPITAL","CAPITAL","ACCION SOCIAL","COMIDAS","320","2026"
"ACC-0015","ESPIRITU SANTO","CAPITAL","CAPITAL","ACCION SOCIAL","COMIDAS","110","2026"
"ACC-0015","ESPIRITU SANTO","CAPITAL","CAPITAL","ACCION SOCIAL","REFRIGERIOS","30","2026"
"ACC-0104","FUNDACION CONIN","CAPITAL","CAPITAL","ACCION SOCIAL","REFRIGERIOS","60","2026"
"ACC-0013","FUNDACION EVITA","CAPITAL","CAPITAL","ACCION SOCIAL","COMIDAS","230","2026"
"ACCSOC105","GRUPO DE PASTORES UPCC","CAPITAL","CAPITAL","ACCION SOCIAL","REFRIGERIOS","60","2026"
"ACCSOC105","GRUPO DE PASTORES UPCC","CAPITAL","CAPITAL","ACCION SOCIAL","COMIDAS","60","2026"
"ACC-0064","GUADALUPE","CAPITAL","CAPITAL","ACCION SOCIAL","COMIDAS","220","2026"
"ACC-0052","IGLESIA BAUTISTA EVANGELICA REC.VIDA","CAPITAL","CAPITAL","ACCION SOCIAL","COMIDAS","140","2026"
"ACC-0025","IGLESIA FILADELFIA","CAPITAL","CAPITAL","ACCION SOCIAL","COMIDAS","60","2026"
"MDS-72019-011","IGLESIA JESÚS VIVE","CAPITAL","CAPITAL","ACCION SOCIAL","REFRIGERIOS","30","2026"
"ACC-0047","IGLESIA SAN CAYETANO","CAPITAL","CAPITAL","ACCION SOCIAL","COMIDAS","90","2026"
"ACC-0047","IGLESIA SAN CAYETANO","CAPITAL","CAPITAL","ACCION SOCIAL","REFRIGERIOS","150","2026"
"MDS-2022-001","IGLESIA SOLDADOS DE JESÚS II","CAPITAL","CAPITAL","ACCION SOCIAL","REFRIGERIOS","30","2026"
"mds-2019-03","IGLESIA VISIÓN, AMOR Y ACCIÓN","CAPITAL","CAPITAL","ACCION SOCIAL","REFRIGERIOS","30","2026"
"ACC-0113","JUAN XXIII DULCE MARIA","CAPITAL","CAPITAL","ACCION SOCIAL","REFRIGERIOS","50","2026"
"mds-2019-02","LA CASA DE MI HERMANO","CAPITAL","CAPITAL","ACCION SOCIAL","REFRIGERIOS","35","2026"
"mds-2019-02","LA CASA DE MI HERMANO","CAPITAL","CAPITAL","ACCION SOCIAL","COMIDAS","40","2026"
"ACC-0066","LA ERAGIA","CAPITAL","CAPITAL","ACCION SOCIAL","COMIDAS","130","2026"
"ACC-0094","LA TOSQUERA Nº 5","CAPITAL","CAPITAL","ACCION SOCIAL","COMIDAS","50","2026"
"ACC-0094","LA TOSQUERA Nº 5","CAPITAL","CAPITAL","ACCION SOCIAL","REFRIGERIOS","50","2026"
"ACC-0022","LAGUNA PAMPIN","CAPITAL","CAPITAL","ACCION SOCIAL","COMIDAS","90","2026"
"ACC-0022","LAGUNA PAMPIN","CAPITAL","CAPITAL","ACCION SOCIAL","REFRIGERIOS","70","2026"
"ACC-0044","LOMA LINDA","CAPITAL","CAPITAL","ACCION SOCIAL","COMIDAS","220","2026"
"ACC-0044","LOMA LINDA","CAPITAL","CAPITAL","ACCION SOCIAL","REFRIGERIOS","210","2026"
"ACC-0017","LOS DALMATAS","CAPITAL","CAPITAL","ACCION SOCIAL","COMIDAS","240","2026"
"ACC-0072","LUCRECIA RÍOS","CAPITAL","CAPITAL","ACCION SOCIAL","REFRIGERIOS","60","2026"
"ACC-0072","LUCRECIA RÍOS","CAPITAL","CAPITAL","ACCION SOCIAL","COMIDAS","80","2026"
"ACC-0070","LUZ VERDADERA","CAPITAL","CAPITAL","ACCION SOCIAL","REFRIGERIOS","210","2026"
"ACC-0070","LUZ VERDADERA","CAPITAL","CAPITAL","ACCION SOCIAL","COMIDAS","340","2026"
"ACC-0078","MARAVILLAS DE JESUS","CAPITAL","CAPITAL","ACCION SOCIAL","COMIDAS","230","2026"
"ACC-0088","MARÍA CONTI (CCC)","CAPITAL","CAPITAL","ACCION SOCIAL","REFRIGERIOS","240","2026"
"ACC-0088","MARÍA CONTI (CCC)","CAPITAL","CAPITAL","ACCION SOCIAL","COMIDAS","240","2026"
"ACC-0005","MEDALLA MILAGROSA","CAPITAL","CAPITAL","ACCION SOCIAL","COMIDAS","90","2026"
"ACC-0126","MERENDERO BENESER ASAMBLEA DE DIOS","CAPITAL","CAPITAL","ACCION SOCIAL","REFRIGERIOS","30","2026"
"ACC-0111","MERENDERO Bº REY DAVID","CAPITAL","CAPITAL","ACCION SOCIAL","REFRIGERIOS","170","2026"
"ACC-0134","MERENDERO Bº SANTA TERESITA","CAPITAL","CAPITAL","ACCION SOCIAL","REFRIGERIOS","80","2026"
"MDS-2021-159","MERENDERO CAP. SANTOS FRANCISCO Y JACINTA PASTORCITO DE FÁTIMA","CAPITAL","CAPITAL","ACCION SOCIAL","REFRIGERIOS","75","2026"
"MDS_08032024","MERENDERO CARITA FELIZ","CAPITAL","CAPITAL","ACCION SOCIAL","REFRIGERIOS","40","2026"
"ACC-0133","MERENDERO CICHERO","CAPITAL","CAPITAL","ACCION SOCIAL","REFRIGERIOS","20","2026"
"ACC-0133","MERENDERO CICHERO","CAPITAL","CAPITAL","ACCION SOCIAL","COMIDAS","30","2026"
"ACC-0127","MERENDERO CLUB SAN CAYETANO","CAPITAL","CAPITAL","ACCION SOCIAL","REFRIGERIOS","40","2026"
"ACSOC-2019-5","MERENDERO COIMAC","CAPITAL","CAPITAL","ACCION SOCIAL","REFRIGERIOS","60","2026"
"SDH-CD-151","MERENDERO DIVINO NIÑO","CAPITAL","CAPITAL","ACCION SOCIAL","COMIDAS","30","2026"
"SDH-CD-151","MERENDERO DIVINO NIÑO","CAPITAL","CAPITAL","ACCION SOCIAL","REFRIGERIOS","30","2026"
"MDS_0212025","MERENDERO EFRAÍN","CAPITAL","CAPITAL","ACCION SOCIAL","REFRIGERIOS","40","2026"
"ACC-0101","MERENDERO ESTUDIANDO JUNTOS","CAPITAL","CAPITAL","ACCION SOCIAL","REFRIGERIOS","30","2026"
"SDH-CE-001","MERENDERO LA EDAD FELIZ","CAPITAL","CAPITAL","ACCION SOCIAL","REFRIGERIOS","60","2026"
"ACC-0124","MERENDERO LA PROVIDENCIA","CAPITAL","CAPITAL","ACCION SOCIAL","REFRIGERIOS","130","2026"
"ACC-01143","MERENDERO LA PROVIDENCIA II","CAPITAL","CAPITAL","ACCION SOCIAL","REFRIGERIOS","80","2026"
"ACC-0131","MERENDERO LA SAGRADA FAMILIA II","CAPITAL","CAPITAL","ACCION SOCIAL","REFRIGERIOS","100","2026"
"MDS_08042024","MERENDERO LOS KUNUMIES","CAPITAL","CAPITAL","ACCION SOCIAL","REFRIGERIOS","40","2026"
"SDH-CE-200","MERENDERO LOS PEQUES","CAPITAL","CAPITAL","ACCION SOCIAL","REFRIGERIOS","80","2026"
"ACC-1002","MERENDERO NIÑOS FELICES II","CAPITAL","CAPITAL","ACCION SOCIAL","COMIDAS","60","2026"
"ACC-1002","MERENDERO NIÑOS FELICES II","CAPITAL","CAPITAL","ACCION SOCIAL","REFRIGERIOS","80","2026"
"ACC-01144","MERENDERO NTRA. SRA. DE GUADALUPE","CAPITAL","CAPITAL","ACCION SOCIAL","REFRIGERIOS","40","2026"
"ACC-8127","MERENDERO PORÁ","CAPITAL","CAPITAL","ACCION SOCIAL","REFRIGERIOS","65","2026"
"ACC-0121","MERENDERO S - SAN CAYETANO","CAPITAL","CAPITAL","ACCION SOCIAL","REFRIGERIOS","70","2026"
"CE_90992","MERENDERO SAN JORGE","CAPITAL","CAPITAL","ACCION SOCIAL","REFRIGERIOS","30","2026"
"ACC-8126","MERENDERO SAN JUSTO","CAPITAL","CAPITAL","ACCION SOCIAL","COMIDAS","30","2026"
"ACC-8126","MERENDERO SAN JUSTO","CAPITAL","CAPITAL","ACCION SOCIAL","REFRIGERIOS","20","2026"
"ACC-0119","MERENDERO SAN PATRICIO","CAPITAL","CAPITAL","ACCION SOCIAL","REFRIGERIOS","280","2026"
"SDH-CE-300","MERENDERO SANTA ANA","CAPITAL","CAPITAL","ACCION SOCIAL","REFRIGERIOS","100","2026"
"ACC-0125","MERENDERO SANTA FILOMENA","CAPITAL","CAPITAL","ACCION SOCIAL","REFRIGERIOS","140","2026"
"Mer092020","MI BELLO ÁNGEL EDGARDO GASTÓN BENÍTEZ","CAPITAL","CAPITAL","ACCION SOCIAL","COMIDAS","50","2026"
"Mer092020","MI BELLO ÁNGEL EDGARDO GASTÓN BENÍTEZ","CAPITAL","CAPITAL","ACCION SOCIAL","REFRIGERIOS","40","2026"
"ACC SOC -0053","MINISTERIO DE DESARROLLO SOCIAL","CAPITAL","CAPITAL","ACCION SOCIAL","COMIDAS","375","2026"
"ACC SOC -0053","MINISTERIO DE DESARROLLO SOCIAL","CAPITAL","CAPITAL","ACCION SOCIAL","REFRIGERIOS","682","2026"
"ACC-0065","MIS NIÑITOS","CAPITAL","CAPITAL","ACCION SOCIAL","COMIDAS","255","2026"
"ACC-0065","MIS NIÑITOS","CAPITAL","CAPITAL","ACCION SOCIAL","REFRIGERIOS","269","2026"
"ACC-1003","MOVIMIENTO MIDJ","CAPITAL","CAPITAL","MOV. SOC.","COMIDAS","50","2026"
"ACC-1003","MOVIMIENTO MIDJ","CAPITAL","CAPITAL","MOV. SOC.","REFRIGERIOS","30","2026"
"ACC-1001","MOVIMIENTO OBRERO","CAPITAL","CAPITAL","ACCION SOCIAL","COMIDAS","40","2026"
"ACC-1001","MOVIMIENTO OBRERO","CAPITAL","CAPITAL","ACCION SOCIAL","REFRIGERIOS","40","2026"
"ACC-0014","NIÑO TRAVIESO","CAPITAL","CAPITAL","ACCION SOCIAL","COMIDAS","160","2026"
"ACC-0135","NIÑOS FELICES","CAPITAL","CAPITAL","ACCION SOCIAL","REFRIGERIOS","60","2026"
"ACC-0062","NTRA SRA DE FÁTIMA Nº 25","CAPITAL","CAPITAL","ACCION SOCIAL","COMIDAS","160","2026"
"ACC-0062","NTRA SRA DE FÁTIMA Nº 25","CAPITAL","CAPITAL","ACCION SOCIAL","REFRIGERIOS","110","2026"
"ACC-0002","NTRA. SRA. DE LOURDES","CAPITAL","CAPITAL","ACCION SOCIAL","COMIDAS","190","2026"
"ACC-0085","ÑANDERETE MITAICITO FTV","CAPITAL","CAPITAL","MOV. SOC.","COMIDAS","80","2026"
"ACC-1000","ORGANIZACIÓN CONCIENCIA POPULAR","CAPITAL","CAPITAL","MOV. SOC.","REFRIGERIOS","50","2026"
"ACC-1000","ORGANIZACIÓN CONCIENCIA POPULAR","CAPITAL","CAPITAL","MOV. SOC.","COMIDAS","30","2026"
"ACC-0129","PASTORCITO DE FÁTIMA","CAPITAL","CAPITAL","ACCION SOCIAL","REFRIGERIOS","120","2026"
"ACC-0068","PEQUEÑO PONY","CAPITAL","CAPITAL","ACCION SOCIAL","COMIDAS","110","2026"
"ACC-0068","PEQUEÑO PONY","CAPITAL","CAPITAL","ACCION SOCIAL","REFRIGERIOS","180","2026"
"ACC-0018","PEQUEÑO REBAÑO","CAPITAL","CAPITAL","ACCION SOCIAL","COMIDAS","180","2026"
"ACC-0042","POKEMON","CAPITAL","CAPITAL","ACCION SOCIAL","COMIDAS","260","2026"
"ACC-0042","POKEMON","CAPITAL","CAPITAL","ACCION SOCIAL","REFRIGERIOS","200","2026"
"ACC-0029","POR UNA SONRISA II","CAPITAL","CAPITAL","ACCION SOCIAL","COMIDAS","40","2026"
"ACC-0074","PQUIA SANTA CATALINA DE ALEJANDRIA","CAPITAL","CAPITAL","ACCION SOCIAL","COMIDAS","50","2026"
"ACC-0039","PQUIA. NTRA. SRA.DE ITATÍ","CAPITAL","CAPITAL","ACCION SOCIAL","COMIDAS","200","2026"
"ACC-0039","PQUIA. NTRA. SRA.DE ITATÍ","CAPITAL","CAPITAL","ACCION SOCIAL","REFRIGERIOS","100","2026"
"ACC-0024","PUEBLITO BS.AS.","CAPITAL","CAPITAL","ACCION SOCIAL","COMIDAS","100","2026"
"ACC-0024","PUEBLITO BS.AS.","CAPITAL","CAPITAL","ACCION SOCIAL","REFRIGERIOS","100","2026"
"ACC-0110","PUERTAS DEL CIELO","CAPITAL","CAPITAL","ACCION SOCIAL","REFRIGERIOS","120","2026"
"ACC-0061","SAGRADA FAMILIA (Nº 49)","CAPITAL","CAPITAL","ACCION SOCIAL","COMIDAS","270","2026"
"ACC-0061","SAGRADA FAMILIA (Nº 49)","CAPITAL","CAPITAL","ACCION SOCIAL","REFRIGERIOS","115","2026"
"ACC - 0052","SAGRADO CORAZON","CAPITAL","CAPITAL","ACCION SOCIAL","REFRIGERIOS","50","2026"
"ACC-0050","SAGRADO CORAZON DE JESUS","CAPITAL","CAPITAL","ACCION SOCIAL","COMIDAS","330","2026"
"ACC-0050","SAGRADO CORAZON DE JESUS","CAPITAL","CAPITAL","ACCION SOCIAL","REFRIGERIOS","150","2026"
"ACC-1309","SAN EXPEDITO","CAPITAL","CAPITAL","ACCION SOCIAL","REFRIGERIOS","52","2026"
"ACC-0060","SAN MARCOS","CAPITAL","CAPITAL","ACCION SOCIAL","COMIDAS","150","2026"
"ACC-0060","SAN MARCOS","CAPITAL","CAPITAL","ACCION SOCIAL","REFRIGERIOS","130","2026"
"ACC-0063","CAP. SAN PABLO (Nº 64)","CAPITAL","CAPITAL","ACCION SOCIAL","COMIDAS","50","2026"
"ACC-0059","SAN PANTALEON","CAPITAL","CAPITAL","ACCION SOCIAL","COMIDAS","100","2026"
"ACC-0003","SAN ROQUE OESTE Nº 78","CAPITAL","CAPITAL","ACCION SOCIAL","COMIDAS","200","2026"
"ACC-0097","SANTA RITA","CAPITAL","CAPITAL","ACCION SOCIAL","COMIDAS","180","2026"
"ACC-0097","SANTA RITA","CAPITAL","CAPITAL","ACCION SOCIAL","REFRIGERIOS","100","2026"
"ACC-0040","SANTA TERESITA","CAPITAL","CAPITAL","ACCION SOCIAL","COMIDAS","250","2026"
"ACC-0040","SANTA TERESITA","CAPITAL","CAPITAL","ACCION SOCIAL","REFRIGERIOS","110","2026"
"ACC-0082","SI DIOS QUIERE","CAPITAL","CAPITAL","ACCION SOCIAL","COMIDAS","80","2026"
"ACC-0082","SI DIOS QUIERE","CAPITAL","CAPITAL","ACCION SOCIAL","REFRIGERIOS","80","2026"
"ACC-0019","STA. MA. DE LOS POBRES","CAPITAL","CAPITAL","ACCION SOCIAL","COMIDAS","250","2026"
"ACC-0019","STA. MA. DE LOS POBRES","CAPITAL","CAPITAL","ACCION SOCIAL","REFRIGERIOS","120","2026"
"SDH-CE-50","SUM SAN JORGE","CAPITAL","CAPITAL","ACCION SOCIAL","REFRIGERIOS","90","2026"
"ACC-0012","TAITALO PUNTA","CAPITAL","CAPITAL","ACCION SOCIAL","COMIDAS","70","2026"
"ACC-0012","TAITALO PUNTA","CAPITAL","CAPITAL","ACCION SOCIAL","REFRIGERIOS","20","2026"
"ACC-0009","TEMPLO AS.DE DIOS FILADELFIA","CAPITAL","CAPITAL","ACCION SOCIAL","COMIDAS","110","2026"
"ACC-0009","TEMPLO AS.DE DIOS FILADELFIA","CAPITAL","CAPITAL","ACCION SOCIAL","REFRIGERIOS","100","2026"
"ACC-0051","UNIVERSITARIO","CAPITAL","CAPITAL","ACCION SOCIAL","COMIDAS","100","2026"
"ACC-0051","UNIVERSITARIO","CAPITAL","CAPITAL","ACCION SOCIAL","REFRIGERIOS","70","2026"
"ACC-0007","VIRGEN DE ITATI","CAPITAL","CAPITAL","ACCION SOCIAL","COMIDAS","70","2026"
"ACC-0087","VIRGEN DE LOS DOLORES","CAPITAL","CAPITAL","ACCION SOCIAL","COMIDAS","200","2026"
"ACC-0087","VIRGEN DE LOS DOLORES","CAPITAL","CAPITAL","ACCION SOCIAL","REFRIGERIOS","40","2026"
"ACC-0008","VIRGEN DESATANUDOS","CAPITAL","CAPITAL","ACCION SOCIAL","COMIDAS","80","2026"
"ACC-CD-15","BARRIO ESPERANZA","CAPITAL","CAPITAL","ASIST. LADR.","REFRIGERIOS","100","2026"
"ACC-CD-15","BARRIO ESPERANZA","CAPITAL","CAPITAL","ASIST. LADR.","COMIDAS","100","2026"
"ACC-CD-12","BARRIO LOMAS DEL MIRADOR","CAPITAL","CAPITAL","ASIST. LADR.","REFRIGERIOS","100","2026"
"ACC-CD-12","BARRIO LOMAS DEL MIRADOR","CAPITAL","CAPITAL","ASIST. LADR.","COMIDAS","100","2026"
"ACC-CD-14","BARRIO QUINTA FERRE","CAPITAL","CAPITAL","ASIST. LADR.","REFRIGERIOS","100","2026"
"ACC-CD-14","BARRIO QUINTA FERRE","CAPITAL","CAPITAL","ASIST. LADR.","COMIDAS","100","2026"
"ACC-CD-9","BARRIO SEMINARIO (SUEÑOS)","CAPITAL","CAPITAL","ASIST. LADR.","REFRIGERIOS","140","2026"
"ACC-CD-9","BARRIO SEMINARIO (SUEÑOS)","CAPITAL","CAPITAL","ASIST. LADR.","COMIDAS","140","2026"
"ACC-CD-13","BARRIO SOL DE MAYO","CAPITAL","CAPITAL","ASIST. LADR.","REFRIGERIOS","100","2026"
"ACC-CD-13","BARRIO SOL DE MAYO","CAPITAL","CAPITAL","ASIST. LADR.","COMIDAS","100","2026"
"ACC-CD-11","BARRIO SOL DE MAYO (MITAÍ PORÁ)","CAPITAL","CAPITAL","ASIST. LADR.","REFRIGERIOS","165","2026"
"ACC-CD-11","BARRIO SOL DE MAYO (MITAÍ PORÁ)","CAPITAL","CAPITAL","ASIST. LADR.","COMIDAS","165","2026"
"ACC-CD-18","BARRIO ZONA SUR 1 - LA TOSQUERA","CAPITAL","CAPITAL","ASIST. LADR.","REFRIGERIOS","100","2026"
"ACC-CD-18","BARRIO ZONA SUR 1 - LA TOSQUERA","CAPITAL","CAPITAL","ASIST. LADR.","COMIDAS","100","2026"
"ACC-CD-19","BARRIO ZONA SUR 2 - BAHÍA DEL SOL","CAPITAL","CAPITAL","ASIST. LADR.","REFRIGERIOS","100","2026"
"ACC-CD-19","BARRIO ZONA SUR 2 - BAHÍA DEL SOL","CAPITAL","CAPITAL","ASIST. LADR.","COMIDAS","100","2026"
"ACC-CD-5","GAUCHITO ANTONIO GIL","CAPITAL","CAPITAL","ASIST. LADR.","REFRIGERIOS","190","2026"
"ACC-CD-5","GAUCHITO ANTONIO GIL","CAPITAL","CAPITAL","ASIST. LADR.","COMIDAS","190","2026"
"ACC-CD-2","ISLAS MALVINAS","CAPITAL","CAPITAL","ASIST. LADR.","REFRIGERIOS","90","2026"
"ACC-CD-2","ISLAS MALVINAS","CAPITAL","CAPITAL","ASIST. LADR.","COMIDAS","100","2026"
"ACC-CD-20","LOMAS DEL MIRADOR","CAPITAL","CAPITAL","ASIST. LADR.","REFRIGERIOS","100","2026"
"ACC-CD-20","LOMAS DEL MIRADOR","CAPITAL","CAPITAL","ASIST. LADR.","COMIDAS","100","2026"
"ACC-CD-1","LOS MELLIZOS","CAPITAL","CAPITAL","ASIST. LADR.","REFRIGERIOS","180","2026"
"ACC-CD-1","LOS MELLIZOS","CAPITAL","CAPITAL","ASIST. LADR.","COMIDAS","180","2026"
"ACC-CD-10","LOS SIMPSONS","CAPITAL","CAPITAL","ASIST. LADR.","REFRIGERIOS","180","2026"
"ACC-CD-10","LOS SIMPSONS","CAPITAL","CAPITAL","ASIST. LADR.","COMIDAS","180","2026"
"ACC-CD-8","MENDOZA AL SUR","CAPITAL","CAPITAL","ASIST. LADR.","REFRIGERIOS","130","2026"
"ACC-CD-8","MENDOZA AL SUR","CAPITAL","CAPITAL","ASIST. LADR.","COMIDAS","130","2026"
"ACC-CD-7","PUÑO Y SUDOR (LADRILLEROS)","CAPITAL","CAPITAL","ASIST. LADR.","REFRIGERIOS","130","2026"
"ACC-CD-7","PUÑO Y SUDOR (LADRILLEROS)","CAPITAL","CAPITAL","ASIST. LADR.","COMIDAS","130","2026"
"ACC-CD-3","SAN CAMILO LELIS","CAPITAL","CAPITAL","ASIST. LADR.","REFRIGERIOS","115","2026"
"ACC-CD-3","SAN CAMILO LELIS","CAPITAL","CAPITAL","ASIST. LADR.","COMIDAS","190","2026"
"ACC-CD-4","SANTA CATALINA","CAPITAL","CAPITAL","ASIST. LADR.","REFRIGERIOS","230","2026"
"ACC-CD-4","SANTA CATALINA","CAPITAL","CAPITAL","ASIST. LADR.","COMIDAS","260","2026"
"CE_2208","C.D.I. SAN JORGE","CAPITAL","CAPITAL","MIN. y FLIA.","COMIDAS","100","2026"
"CE_2208","C.D.I. SAN JORGE","CAPITAL","CAPITAL","MIN. y FLIA.","REFRIGERIOS","90","2026"
"CE_2585","C.I.P.I. Nº 3 ""MI PEQUEÑO HOGAR""","CAPITAL","CAPITAL","MIN. y FLIA.","COMIDAS","40","2026"
"CE_2585","C.I.P.I. Nº 3 ""MI PEQUEÑO HOGAR""","CAPITAL","CAPITAL","MIN. y FLIA.","REFRIGERIOS","40","2026"
"CE_4516","C.P.M. Nº 10 ""JORGE MIEREZ""","CAPITAL","CAPITAL","MIN. y FLIA.","COMIDAS","70","2026"
"CE_4516","C.P.M. Nº 10 ""JORGE MIEREZ""","CAPITAL","CAPITAL","MIN. y FLIA.","REFRIGERIOS","80","2026"
"CE_2275","C.P.M. Nº 2 ""ANAHÍ""","CAPITAL","CAPITAL","MIN. y FLIA.","COMIDAS","70","2026"
"CE_2275","C.P.M. Nº 2 ""ANAHÍ""","CAPITAL","CAPITAL","MIN. y FLIA.","REFRIGERIOS","60","2026"
"CE_90991","C.P.M. Nº 4 ""SAN MARCOS""","CAPITAL","CAPITAL","MIN. y FLIA.","REFRIGERIOS","40","2026"
"CE_2314","CAPILLA VIRGEN DE ITATÍ (Nº 21)","CAPITAL","CAPITAL","MIN. y FLIA.","COMIDAS","110","2026"
"CE_2314","CAPILLA VIRGEN DE ITATÍ (Nº 21)","CAPITAL","CAPITAL","MIN. y FLIA.","REFRIGERIOS","80","2026"
"CE_4515","CENTRO DE DÍA ""CORAZÓN DE NIÑO""","CAPITAL","CAPITAL","MIN. y FLIA.","COMIDAS","40","2026"
"CE_4515","CENTRO DE DÍA ""CORAZÓN DE NIÑO""","CAPITAL","CAPITAL","MIN. y FLIA.","REFRIGERIOS","70","2026"
"CE_90657","CENTRO SOLIDARIO SAN JORGE","CAPITAL","CAPITAL","MIN. y FLIA.","REFRIGERIOS","30","2026"
"CE_90398","IGLESIA DE JESUCRISTO","CAPITAL","CAPITAL","MIN. y FLIA.","COMIDAS","40","2026"
"CE_90398","IGLESIA DE JESUCRISTO","CAPITAL","CAPITAL","MIN. y FLIA.","REFRIGERIOS","45","2026"
"CE_4935","J.M. ""ARA PORÁ""","CAPITAL","CAPITAL","MIN. y FLIA.","REFRIGERIOS","120","2026"
"CE_2572","J.M. ""MAMÁ MARGARITA""","CAPITAL","CAPITAL","MIN. y FLIA.","COMIDAS","150","2026"
"CE_2572","J.M. ""MAMÁ MARGARITA""","CAPITAL","CAPITAL","MIN. y FLIA.","REFRIGERIOS","160","2026"
"CE_2552","J.M. ""MI DULCE BEBE""","CAPITAL","CAPITAL","MIN. y FLIA.","COMIDAS","40","2026"
"CE_2552","J.M. ""MI DULCE BEBE""","CAPITAL","CAPITAL","MIN. y FLIA.","REFRIGERIOS","50","2026"
"CE_2569","J.M. ""NIÑO FELIZ""","CAPITAL","CAPITAL","MIN. y FLIA.","COMIDAS","70","2026"
"CE_2569","J.M. ""NIÑO FELIZ""","CAPITAL","CAPITAL","MIN. y FLIA.","REFRIGERIOS","110","2026"
"CE_2555","J.M. ""ÑANDEROGA""","CAPITAL","CAPITAL","MIN. y FLIA.","COMIDAS","110","2026"
"CE_2555","J.M. ""ÑANDEROGA""","CAPITAL","CAPITAL","MIN. y FLIA.","REFRIGERIOS","100","2026"
"CE_2584","J.M. ANAHÍ","CAPITAL","CAPITAL","MIN. y FLIA.","REFRIGERIOS","60","2026"
"CE_2589","J.M. AVENTURAS EN PAÑAL","CAPITAL","CAPITAL","MIN. y FLIA.","COMIDAS","80","2026"
"CE_2589","J.M. AVENTURAS EN PAÑAL","CAPITAL","CAPITAL","MIN. y FLIA.","REFRIGERIOS","70","2026"
"CE_2548","J.M. GRILLITO SALTARIN","CAPITAL","CAPITAL","MIN. y FLIA.","COMIDAS","90","2026"
"CE_2548","J.M. GRILLITO SALTARIN","CAPITAL","CAPITAL","MIN. y FLIA.","REFRIGERIOS","110","2026"
"CE_2549","J.M. MAMITA","CAPITAL","CAPITAL","MIN. y FLIA.","COMIDAS","80","2026"
"CE_2549","J.M. MAMITA","CAPITAL","CAPITAL","MIN. y FLIA.","REFRIGERIOS","110","2026"
"CE_2568","J.M. MIS OSITOS","CAPITAL","CAPITAL","MIN. y FLIA.","COMIDAS","70","2026"
"CE_2568","J.M. MIS OSITOS","CAPITAL","CAPITAL","MIN. y FLIA.","REFRIGERIOS","65","2026"
"CE_2556","J.M. PADRE MUJICA","CAPITAL","CAPITAL","MIN. y FLIA.","COMIDAS","110","2026"
"CE_2556","J.M. PADRE MUJICA","CAPITAL","CAPITAL","MIN. y FLIA.","REFRIGERIOS","75","2026"
"CE_4936","J.M. RAYITO DE LUZ","CAPITAL","CAPITAL","MIN. y FLIA.","REFRIGERIOS","90","2026"
"SDH-CE-5052","J.M. ROSA GUARÚ","CAPITAL","CAPITAL","MIN. y FLIA.","REFRIGERIOS","90","2026"
"CE_6276","J.M. SAN JUANCITO","CAPITAL","CAPITAL","MIN. y FLIA.","COMIDAS","90","2026"
"CE_6276","J.M. SAN JUANCITO","CAPITAL","CAPITAL","MIN. y FLIA.","REFRIGERIOS","60","2026"
"CE_2553","J.M. SEMILLITA","CAPITAL","CAPITAL","MIN. y FLIA.","COMIDAS","40","2026"
"CE_2553","J.M. SEMILLITA","CAPITAL","CAPITAL","MIN. y FLIA.","REFRIGERIOS","40","2026"
"CE_2551","J.M. TAMBORCITO TACUARÍ","CAPITAL","CAPITAL","MIN. y FLIA.","COMIDAS","50","2026"
"CE_2551","J.M. TAMBORCITO TACUARÍ","CAPITAL","CAPITAL","MIN. y FLIA.","REFRIGERIOS","65","2026"
"SDH-CD-50","IGLESIA DE JESUCRISTO CODAZZI","CAPITAL","CAPITAL","MOV. PAST.","REFRIGERIOS","300","2026"
"SDH-CD-003","MOVIMIENTOS PASTORALES UNIDOS POR CORRIENTES","CAPITAL","CAPITAL","MOV. PAST.","REFRIGERIOS","2100","2026"
"SDH-CD-SV","ASOCIACIÓN CORRENTINA CRUZ DE LOS MILAGROS","CAPITAL","CAPITAL","MOV. SOC.","REFRIGERIOS","198","2026"
"SDH-CE-0005","FUNDACION UNIDOS","CAPITAL","CAPITAL","MOV. SOC.","COMIDAS","1800","2026"
"SDH-CE-0005","FUNDACION UNIDOS","CAPITAL","CAPITAL","MOV. SOC.","REFRIGERIOS","1200","2026"
"SDH-CE-0006","MTL","CAPITAL","CAPITAL","MOV. SOC.","COMIDAS","400","2026"
"SDH-CE-0006","MTL","CAPITAL","CAPITAL","MOV. SOC.","REFRIGERIOS","465","2026"
"SDH-CE-0004","ORGANIZACIÓN SOCIAL LIBRES DEL SUR","CAPITAL","CAPITAL","MOV. SOC.","COMIDAS","1590","2026"
"SDH-CE-0004","ORGANIZACIÓN SOCIAL LIBRES DEL SUR","CAPITAL","CAPITAL","MOV. SOC.","REFRIGERIOS","1210","2026"
"CE_2565","CASA MADRE ADOL. MARIA DE NAZARETH","CAPITAL","CAPITAL","Mtrio. de Justicia","COMIDAS","20","2026"
"CE_2565","CASA MADRE ADOL. MARIA DE NAZARETH","CAPITAL","CAPITAL","Mtrio. de Justicia","REFRIGERIOS","20","2026"
"CE_2566","CASA PREEGRESO MUJERES LAURA VICUÑA","CAPITAL","CAPITAL","Mtrio. de Justicia","COMIDAS","40","2026"
"CE_2566","CASA PREEGRESO MUJERES LAURA VICUÑA","CAPITAL","CAPITAL","Mtrio. de Justicia","REFRIGERIOS","35","2026"
"CE_2564","CASA PREEGRESO VARONES MIGUEL MAGONE","CAPITAL","CAPITAL","Mtrio. de Justicia","COMIDAS","30","2026"
"CE_2564","CASA PREEGRESO VARONES MIGUEL MAGONE","CAPITAL","CAPITAL","Mtrio. de Justicia","REFRIGERIOS","20","2026"
"CE_2579","HOGAR DOMINGO SAVIO","CAPITAL","CAPITAL","Mtrio. de Justicia","COMIDAS","50","2026"
"CE_2579","HOGAR DOMINGO SAVIO","CAPITAL","CAPITAL","Mtrio. de Justicia","REFRIGERIOS","40","2026"
"CE_90781","HOGAR MADRE TERESA","CAPITAL","CAPITAL","Mtrio. de Justicia","COMIDAS","20","2026"
"CE_90781","HOGAR MADRE TERESA","CAPITAL","CAPITAL","Mtrio. de Justicia","REFRIGERIOS","20","2026"
"CE_2581","HOGAR MISERICORDIA","CAPITAL","CAPITAL","Mtrio. de Justicia","COMIDAS","100","2026"
"CE_2581","HOGAR MISERICORDIA","CAPITAL","CAPITAL","Mtrio. de Justicia","REFRIGERIOS","90","2026"
"CE_2580","HOGAR SAGRADO CORAZÓN","CAPITAL","CAPITAL","Mtrio. de Justicia","COMIDAS","90","2026"
"CE_2580","HOGAR SAGRADO CORAZÓN","CAPITAL","CAPITAL","Mtrio. de Justicia","REFRIGERIOS","60","2026"
"CE_2582","HOGAR TÍA AMANDA","CAPITAL","CAPITAL","Mtrio. de Justicia","COMIDAS","60","2026"
"CE_2582","HOGAR TÍA AMANDA","CAPITAL","CAPITAL","Mtrio. de Justicia","REFRIGERIOS","60","2026"
