"zona","centro_distribucion","centro_entrega","direccion","telefono","departamento","localidad","beneficiarios","organismo","servicio","observaciones"
"C","C.P.F. Nº 1 San Jose Obrero","C.P.F. Nº 1 San Jose Obrero","Larrea y Suipacha","","Dto. de Alvear","Alvear","","MIN. Y FLIA.","REFRIGERIOS","Reciben en Plan 1 (2026)"
"C","C.P.F. Nº 1 San Jose Obrero","C.P.F. Nº 1 San Jose Obrero","Larrea y Suipacha","","Dto. de Alvear","Alvear","","MIN. Y FLIA.","COMIDAS","Reciben en Plan 1 (2026)"
"A","C.I.C. de la localidad de Bella Vista","C.I.C. de la localidad de Bella Vista","25 de Mayo casi Charcas S/N","3777-543472 (Carolina Zalazar)","Dto. de Bella Vista","Bella Vista","100.0","ACCION SOCIAL","COMIDAS",""
"A","Gurisito Costero","C.P.M. Nº 11 Gurisito Costero","Belgrano y Costanera Zona Ribereña, El Carrizal","3777-554922 (Erika Carrasco)","Dto. de Bella Vista","Bella Vista","","MIN. Y FLIA.","COMIDAS","Reciben en Plan 1 (2026)"
"A","Gurisito Costero","C.P.M. Nº 11 Gurisito Costero","Belgrano y Costanera Zona Ribereña, El Carrizal","3777-554922 (Erika Carrasco)","Dto. de Bella Vista","Bella Vista","","MIN. Y FLIA.","REFRIGERIOS","Reciben en Plan 1 (2026)"
"A","Gurisito Costero","Cong. Cristiana B. Vista","Belgrano y Costanera Zona Ribereña, El Carrizal","3777-479009 (Graciela Lujan Gek)","Dto. de Bella Vista","Bella Vista","60.0","MIN. Y FLIA.","COMIDAS",""
"A","Gurisito Costero","H.A. Nuevo Amanecer","Estrada 66 - Bella Vista","3777-304595 (Soto Sandra Leticia)","Dto. de Bella Vista","Bella Vista","25.0","MIN. Y FLIA.","COMIDAS",""
"A","Gurisito Costero","H.A. Nuevo Amanecer","Estrada 66 - Bella Vista","3777-304595 (Soto Sandra Leticia)","Dto. de Bella Vista","Bella Vista","30.0","MIN. Y FLIA.","REFRIGERIOS",""
"A","Gurisito Costero","J.M. Sagrado Corazón de Jesús","Bº Los Pinos","3777-310761 (Fany Rolon)","Dto. de Bella Vista","Bella Vista","","MIN. Y FLIA.","COMIDAS","Reciben en Plan 1 (2026)"
"A","Gurisito Costero","J.M. Sagrado Corazón de Jesús","Bº Los Pinos","3777-310761 (Fany Rolon)","Dto. de Bella Vista","Bella Vista","","MIN. Y FLIA.","REFRIGERIOS","Reciben en Plan 1 (2026)"
"A","Liga Bellavistense de Fútbol (Para 8 Clubes)","Liga Bellavistense de Fútbol (Para 8 Clubes)","Sucre y Montevideo - Bella Vista","3777-609978 (Juan Insaurralde)","Dto. de Bella Vista","Bella Vista","250.0","ACCION SOCIAL","REFRIGERIOS",""
"C","C.P.M. Nº 22 Pago Redondo","C.P.M. Nº 22 Pago Redondo","Ex Mercado de Abasto","3794652143 (Celida Noemí Voulquin)","Dto. de Berón de Astrada","Berón de Astrada","","MIN. Y FLIA.","COMIDAS","Reciben en Plan 1 (2026)"
"C","C.P.M. Nº 22 Pago Redondo","C.P.M. Nº 22 Pago Redondo","Ex Mercado de Abasto","3794652143 (Celida Noemí Voulquin)","Dto. de Berón de Astrada","Berón de Astrada","","MIN. Y FLIA.","REFRIGERIOS","Reciben en Plan 1 (2026)"
"C","Casita Verde (B. de Astrada)","Casita Verde (B. de Astrada)","25 de Mayo s/n frente a la Plaza","3794-237319 (Hugo Daniel Cerdan)","Dto. de Berón de Astrada","Berón de Astrada","30.0","ACCION SOCIAL","COMIDAS",""
"A","Fruto Verde","Fruto Verde","Riachuelo - 11 Leones (Zona Rural)","3794-273201 (Sandra Correa)","Dto. de Capital","Riachuelo","50.0","ACCION SOCIAL","COMIDAS",""
"A","Fruto Verde","Fruto Verde","Riachuelo - 11 Leones (Zona Rural)","3794-273201 (Sandra Correa)","Dto. de Capital","Riachuelo","50.0","ACCION SOCIAL","REFRIGERIOS",""
"A","G - Los Chiquilines","G - Los Chiquilines","Riachuelo Pueblo Echazarreta 103 - Dpto. de Empedrado","3794-153881 (Lidia Esther Villan)","Dto. de Capital","Riachuelo","135.0","ACCION SOCIAL","COMIDAS",""
"A","G - Los Chiquilines","G - Los Chiquilines","Riachuelo Pueblo Echazarreta 103 - Dpto. de Empedrado","3794-153881 (Lidia Esther Villan)","Dto. de Capital","Riachuelo","40.0","ACCION SOCIAL","REFRIGERIOS",""
"A","Jesús Misericordioso (Nº 73)","Jesús Misericordioso (Nº 73)","Riachuelo - Rincón Roa Fopar","3794-631346 (Claudia Roa)","Dto. de Capital","Riachuelo","50.0","ACCION SOCIAL","COMIDAS",""
"A","Jesús Misericordioso (Nº 73)","Jesús Misericordioso (Nº 73)","Riachuelo - Rincón Roa Fopar","3794-631346 (Claudia Roa)","Dto. de Capital","Riachuelo","50.0","ACCION SOCIAL","REFRIGERIOS",""
"A","La Gurisada","La Gurisada","Km. 34 / Rta. 12 - El Sombrero (Empedrado)","3794-002572 (Graciela González)","Dto. de Capital","Riachuelo","150.0","ACCION SOCIAL","COMIDAS",""
"A","La Gurisada","La Gurisada","Km. 34 / Rta. 12 - El Sombrero (Empedrado)","3794-002572 (Graciela González)","Dto. de Capital","Riachuelo","50.0","ACCION SOCIAL","REFRIGERIOS",""
"A","Riachuelo (Nº 76)","Riachuelo (Nº 76)","Riachuelo - 11 Leones / Cuarta Sección - Domínguez Marta D.N.I. Nº: 21.870.412.","3795-153281 (Marta Dominguez)","Dto. de Capital","Riachuelo","65.0","ACCION SOCIAL","COMIDAS",""
"A","Riachuelo (Nº 76)","Riachuelo (Nº 76)","Riachuelo - 11 Leones / Cuarta Sección - Domínguez Marta D.N.I. Nº: 21.870.412.","3795-153281 (Marta Dominguez)","Dto. de Capital","Riachuelo","85.0","ACCION SOCIAL","REFRIGERIOS",""
"A","Santa Margarita","Santa Margarita","Riachuelo - Barrio Sta. Margarita, Los Lapachos","3794-566852 (Celia Beatriz Maidana)","Dto. de Capital","Riachuelo","120.0","ACCION SOCIAL","COMIDAS",""
"A","Santa Margarita","Santa Margarita","Riachuelo - Barrio Sta. Margarita, Los Lapachos","3794-566852 (Celia Beatriz Maidana)","Dto. de Capital","Riachuelo","110.0","ACCION SOCIAL","REFRIGERIOS",""
"B","Merendero Carita Feliz","Merendero Carita Feliz","Bº San Martín, bajar por Ruta Nac. 118 km 48 (2º Entrada a Tabay - Ermita de la Virgen de Luján - Galpones verdes de Coqui Palacio) Zunilda Palacio","3782-486684 (Zunilda Palacio )","Dto. de Concepción","Tabay","40.0","ACCION SOCIAL","REFRIGERIOS",""
"B","Merendero Rayo de Luz","Merendero Rayo de Luz","Ruta Nac. 118 km 49 (cerca Esc. Nº 211 - Adolfo Alvarez","3794-347342 (Andrea Edith Sanchez)","Dto. de Concepción","Tabay","50.0","ACCION SOCIAL","REFRIGERIOS",""
"B","Centro Nº 3 Virgen de Itatí","Centro Nº 3 Virgen de Itatí","Calle Curupy y San Martin- Colonia Tatacuá - (Cel. 3794075879 - Fernández)","3794-075879 (Carolina Fernández)","Dto. de Concepción","Concepción","150.0","MIN. Y FLIA.","COMIDAS",""
"B","J.M. Adela Feris de Romero","J.M. Adela Feris de Romero","Independencia 547","3795-160547 (Ramona Mercedes Cardozo)","Dto. de Concepción","Concepción","","MIN. Y FLIA.","COMIDAS","Reciben en Plan 1 (2026)"
"B","J.M. Adela Feris de Romero","J.M. Adela Feris de Romero","Independencia 547","3795-160547 (Ramona Mercedes Cardozo)","Dto. de Concepción","Concepción","","MIN. Y FLIA.","REFRIGERIOS","Reciben en Plan 1 (2026)"
"B","C.I.P.I. Nº 4 ""Maria de Nazareth""","C.I.P.I. Nº 4 ""Maria de Nazareth""","Detrás de la Intendencia de Santa Rosa","3794-204031  (Vanina Pavón)","Dto. de Concepción","Santa Rosa","","MIN. Y FLIA.","COMIDAS","Reciben en Plan 1 (2026)"
"B","C.I.P.I. Nº 4 ""Maria de Nazareth""","C.I.P.I. Nº 4 ""Maria de Nazareth""","Detrás de la Intendencia de Santa Rosa","3794-204031  (Vanina Pavón)","Dto. de Concepción","Santa Rosa","","MIN. Y FLIA.","REFRIGERIOS","Reciben en Plan 1 (2026)"
"B","Comedor Capilla San Cayetano","Comedor Capilla San Cayetano","Juan Bautista Cabral 045","3782-525745 (Marcelo Otazo) - 3782-510835 (Lourdes Pereyra)","Dto. de Concepción","Santa Rosa","50.0","ACCION SOCIAL","REFRIGERIOS",""
"B","Comedor Capilla San Cayetano","Comedor Capilla San Cayetano","Juan Bautista Cabral 045","3782-525745 (Marcelo Otazo) - 3782-510835 (Lourdes Pereyra)","Dto. de Concepción","Santa Rosa","50.0","ACCION SOCIAL","COMIDAS",""
"B","C.I.C. Curuzú Cuatiá","C.I.C. Curuzú Cuatiá","Sarmiento y Deán Funes","3774-630197 (Ana clara Jauregui)","Dto. de Curuzú Cuatiá","Curuzú Cuatiá","100.0","ACCION SOCIAL","COMIDAS",""
"B","C.I.C. Curuzú Cuatiá","C.I.C. Curuzú Cuatiá","Sarmiento y Deán Funes","3774-630197 (Ana clara Jauregui)","Dto. de Curuzú Cuatiá","Curuzú Cuatiá","270.0","ACCION SOCIAL","REFRIGERIOS",""
"B","Club Atlético Santa Rosa","Club Atlético Santa Rosa","Gral. Ramírez N° 832","3774-402063 (Ariel Vallejos)","Dto. de Curuzú Cuatiá","Curuzú Cuatiá","30.0","ACCION SOCIAL","COMIDAS",""
"B","Club Atlético Santa Rosa","Club Atlético Santa Rosa","Gral. Ramírez N° 832","3774-402063 (Ariel Vallejos)","Dto. de Curuzú Cuatiá","Curuzú Cuatiá","130.0","ACCION SOCIAL","REFRIGERIOS",""
"B","H.A. Adelina B. de Ezcurra","H.A. Adelina B. de Ezcurra","Av. España 244","3774-465885 (Carmen Marticorena)","Dto. de Curuzú Cuatiá","Curuzú Cuatiá","30.0","MIN. Y FLIA.","COMIDAS",""
"B","H.A. Adelina B. de Ezcurra","H.A. Adelina B. de Ezcurra","Av. España 244","3774-465885 (Carmen Marticorena)","Dto. de Curuzú Cuatiá","Curuzú Cuatiá","70.0","MIN. Y FLIA.","REFRIGERIOS",""
"B","J.M. Mitaí Porá","J.M. Mitaí Porá","Barrio 200 Viv. - Entre 16 de Noviembre e Isabel La Católica","3774-465021 (Amalia Andrea Silva)","Dto. de Curuzú Cuatiá","Curuzú Cuatiá","","MIN. Y FLIA.","COMIDAS","Reciben en Plan 1 (2026)"
"B","J.M. Mitaí Porá","J.M. Mitaí Porá","Barrio 200 Viv. - Entre 16 de Noviembre e Isabel La Católica","3774-465021 (Amalia Andrea Silva)","Dto. de Curuzú Cuatiá","Curuzú Cuatiá","","MIN. Y FLIA.","REFRIGERIOS","Reciben en Plan 1 (2026)"
"B","J.M. Semillitas","J.M. Semillitas","Gobernador Gómez 835 (detrás de la Terminal)","3794-722934 (Martinez Silvia Noemi)","Dto. de Curuzú Cuatiá","Curuzú Cuatiá","","MIN. Y FLIA.","COMIDAS","Reciben en Plan 1 (2026)"
"B","J.M. Semillitas","J.M. Semillitas","Gobernador Gómez 835 (detrás de la Terminal)","3794-722934 (Martinez Silvia Noemi)","Dto. de Curuzú Cuatiá","Curuzú Cuatiá","","MIN. Y FLIA.","REFRIGERIOS","Reciben en Plan 1 (2026)"
"B","Liga de Fútbol Gral. Belgrano","Liga de Fútbol Gral. Belgrano","Gral. Ramírez N° 753 - Sr Ojeda","3774-634021 (Daniel Ojeda)","Dto. de Curuzú Cuatiá","Curuzú Cuatiá","120.0","ACCION SOCIAL","REFRIGERIOS",""
"B","Delegación Desarrollo Social de Perugorría","Delegación Desarrollo Social de Perugorría","Pedro Nolasco S/N","3777-415719 (Eliana Gimena López)","Dto. de Curuzú Cuatiá","Perugorría","40.0","ACCION SOCIAL","REFRIGERIOS",""
"A","Comedor Manuel Derqui","Comedor Manuel Derqui","","3794-923704 (Catalina Cáceres)","Dto. de Empedrado","Derqui","40.0","ACCION SOCIAL","REFRIGERIOS",""
"A","Comedor Manuel Derqui","Comedor Manuel Derqui","","3794-923704 (Catalina Cáceres)","Dto. de Empedrado","Derqui","40.0","ACCION SOCIAL","COMIDAS",""
"A","Asoc. de Malloneros San Expedito","Asoc. de Malloneros San Expedito (Tomasa Franco)","Belgrano 750","3794-027649 (Tomasa Franco)","Dto. de Empedrado","Empedrado","60.0","ACCION SOCIAL","COMIDAS",""
"A","Asoc. de Malloneros San Expedito","Asoc. de Malloneros San Expedito (Tomasa Franco)","Belgrano 750","3794-027649 (Tomasa Franco)","Dto. de Empedrado","Empedrado","60.0","ACCION SOCIAL","REFRIGERIOS",""
"A","C.P.M. Nº 19 Niños Felices Anexo CIPI N° 6 Perlita","C.P.M. Nº 19 Niños Felices Anexo CIPI N° 6 Perlita","Belgrano 1960","3794-037428 (Mónica Ortiz)","Dto. de Empedrado","Empedrado","","MIN. Y FLIA.","REFRIGERIOS","Reciben en Plan 1 (2026)"
"A","Cañada Quiróz II - Gruta de la Virgen","Cañada Quiróz II - Gruta de la Virgen","Av. Alejo Rueda - Gruta de la Virgen","","Dto. de Empedrado","Empedrado","60.0","ACCION SOCIAL","REFRIGERIOS",""
"A","H.A. Teresa Faraone","H.A. Teresa Faraone","Alsina y 9 de Julio","3795-063413 (Teresa Coronel)","Dto. de Empedrado","Empedrado","30.0","MIN. Y FLIA.","COMIDAS",""
"A","H.A. Teresa Faraone","H.A. Teresa Faraone","Alsina y 9 de Julio","3795-063413 (Teresa Coronel)","Dto. de Empedrado","Empedrado","75.0","MIN. Y FLIA.","REFRIGERIOS",""
"A","Iglesia Asamblea de Dios-Templo Filadelfia","Iglesia Asamblea de Dios-Templo Filadelfia","Santiago del Estero 710","3782-431769 (Lidia Leañez)","Dto. de Empedrado","Empedrado","40.0","ACCION SOCIAL","REFRIGERIOS",""
"A","C.P.M. Nº 32 ""Santa Rita""","C.P.M. Nº 32 ""Santa Rita""","Barrio San Fernando - Los Ceibos S/N","3777-611906 (Ana Isabel Rojo)","Dto. de Esquina","Esquina","","MIN. Y FLIA.","REFRIGERIOS","Reciben en Plan 1 (2026)"
"A","C.P.M. Nº 5 ""Niño Jesús""","C.P.M. Nº 5 ""Niño Jesús""","Bº Mancini - Los Sauces 1920 (detrás de la cancha San Martin)","3777-305306 (Lucrecia Martinez)","Dto. de Esquina","Esquina","","MIN. Y FLIA.","REFRIGERIOS","Reciben en Plan 1 (2026)"
"A","Centro de Día ""Solcito""","Centro de Día ""Solcito""","Marcelino Dávila S/N (entre Rta. 12 y los Ceibos)","3777-284428 (Jennifer Borda)","Dto. de Esquina","Esquina","","MIN. Y FLIA.","REFRIGERIOS","Reciben en Plan 1 (2026)"
"A","Centro Obispo ""Alberto Devoto"" (Esquina)","Centro Obispo ""Alberto Devoto"" (Esquina)","B° San Antonio - Noain Ortigóza S/N (al lado de la Capilla San Antonio)","3777-312095 (Ariel Grenat)","Dto. de Esquina","Esquina","100.0","MIN. Y FLIA.","REFRIGERIOS",""
"A","H.A. San Vicente de Paul (Esquina)","H.A. San Vicente de Paul (Esquina)","Gbdor. Velazco 687","3777-283833 (Silvia Ojeda)","Dto. de Esquina","Esquina","30.0","MIN. Y FLIA.","COMIDAS",""
"A","H.A. San Vicente de Paul (Esquina)","H.A. San Vicente de Paul (Esquina)","Gbdor. Velazco 687","3778-283833 (Silvia Ojeda)","Dto. de Esquina","Esquina","60.0","MIN. Y FLIA.","REFRIGERIOS",""
"A","J.M. El Carmen","J.M. El Carmen","Serrano Soto 66","3777-207724 (Nancy Martinez)","Dto. de Esquina","Esquina","","MIN. Y FLIA.","REFRIGERIOS","Reciben en Plan 1 (2026)"
"A","Liga Esquinense de Fútbol (Para 6 Clubes)","Liga Esquinense de Fútbol (Para 6 Clubes)","Hipólito Yrigoyen S/N (a continuación de la calle Sarmiento)","3777-473420 (Carril Carlos)","Dto. de Esquina","Esquina","190.0","ACCION SOCIAL","REFRIGERIOS",""
"A","Merendero Don Juan","Merendero Don Juan","B° La Providencia. Esquina","3794-982324 (Zulma Vallejos)","Dto. de Esquina","Esquina","20.0","ACCION SOCIAL","REFRIGERIOS",""
"A","Sociedad Protectora de la Infancia","Sociedad Protectora de la Infancia","Sarmiento 485","3777-337735 (Luisa Bernasconi)","Dto. de Esquina","Esquina","70.0","MIN. Y FLIA.","REFRIGERIOS",""
"B","C.P.M. Nº 20 Mi Esperanza","C.P.M. Nº 20 Mi Esperanza","Ex Estación de Ferrocarril","3794-885736 (Berenice Cáceres)","Dto. de General Paz","Caá Catí","","MIN. Y FLIA.","COMIDAS","Reciben en Plan 1 (2026)"
"B","C.P.M. Nº 20 Mi Esperanza","C.P.M. Nº 20 Mi Esperanza","Ex Estación de Ferrocarril","3794-885736 (Berenice Cáceres)","Dto. de General Paz","Caá Catí","","MIN. Y FLIA.","REFRIGERIOS","Reciben en Plan 1 (2026)"
"B","Centro de entrega Avivamiento Cristiano de Caá Catí","Centro de entrega Avivamiento Cristiano de Caá Catí","Av. David Martinez S/N entre Gervasio Blanco Hijo y Calle Itatí","3794-817906 (Mariel Mendez)","Dto. de General Paz","Caá Catí","40.0","ACCION SOCIAL","REFRIGERIOS",""
"B","Centro de entrega Avivamiento Cristiano de Caá Catí","Centro de entrega Avivamiento Cristiano de Caá Catí","Av. David Martinez S/N entre Gervasio Blanco Hijo y Calle Itatí","3794-817906 (Mariel Mendez)","Dto. de General Paz","Caá Catí","40.0","ACCION SOCIAL","COMIDAS",""
"B","Iglesia Evangelista de Jesus Nombre sin igual","Iglesia Evangelista de Jesus Nombre sin igual","Joaquín Madariaga S/N - Loc. de Palmar Grande (Carmen Alvarenga)","3795-347363","Dto. de General Paz","General Paz","80.0","ACCION SOCIAL","COMIDAS",""
"C","Club Rana Itá Ibaté","Club Rana Itá Ibaté","Berón de Astrada entre 9 de julio y Alberdi","378-1412983 (José Luis Rodriguez)","Dto. de General Paz","Itá Ibaté","32.0","ACCION SOCIAL","REFRIGERIOS",""
"C","Corazón Contento de Arenruguá","Corazón Contento de Arenruguá","Alberdi e/ Ituzaingó y Paraguay (Itá Ibaté)","3794-922748 (Esther Bramante)","Dto. de General Paz","Itá Ibaté","70.0","ACCION SOCIAL","REFRIGERIOS",""
"C","Corazón Contento de Arenruguá","Corazón Contento de Arenruguá","Alberdi e/ Ituzaingó y Paraguay (Itá Ibaté)","3794-922748 (Esther Bramante)","Dto. de General Paz","Itá Ibaté","70.0","ACCION SOCIAL","COMIDAS",""
"A","Centro de Día ""Días Felices""","Albergue Juvenil Hogar Rural","Mariano I. Loza S/N - Goya","3777-621686 (Raimundi Gladis)","Dto. de Goya","Goya","80.0","MIN. Y FLIA.","COMIDAS",""
"A","Centro de Día ""Días Felices""","Albergue Juvenil Hogar Rural","Mariano I. Loza S/N - Goya","3777-621686 (Raimundi Gladis)","Dto. de Goya","Goya","90.0","MIN. Y FLIA.","REFRIGERIOS",""
"A","Centro de Día ""Días Felices""","C.P.M. Nº 25 ""Arco Iris""","Barrio Sarmiento - Goya","3777-400944 (Elizabeth Ayala)","Dto. de Goya","Goya","","MIN. Y FLIA.","REFRIGERIOS","Reciben en Plan 1 (2026)"
"A","Centro de Día ""Días Felices""","C.P.M. Nº 29 ""Chamiguitos""","Barrio Costas Las Rosas - Goya","3777-558050 (Melina Belén Tones)","Dto. de Goya","Goya","","MIN. Y FLIA.","REFRIGERIOS","Reciben en Plan 1 (2026)"
"A","Centro de Día ""Días Felices""","Centro de Día ""Días Felices""","Av. España 875 - Goya","3777-538746 (María Maciel)","Dto. de Goya","Goya","","MIN. Y FLIA.","REFRIGERIOS","Reciben en Plan 1 (2026)"
"A","Centro de Día ""Días Felices""","H.N. San Vicente de Paul","Sargento Cabral 351 - Goya","3777-633284 (Julieta Gómez Muñoz)","Dto. de Goya","Goya","45.0","Mtrio. de Justicia","COMIDAS",""
"A","Centro de Día ""Días Felices""","H.N. San Vicente de Paul","Sargento Cabral 351 - Goya","3777-633284 (Julieta Gómez Muñoz)","Dto. de Goya","Goya","50.0","Mtrio. de Justicia","REFRIGERIOS",""
"A","Centro de Día ""Días Felices""","Instituto de Orientación Juvenil","Km. 6, Frente al Aeropuerto","3794-597128 (Analia Segovia)","Dto. de Goya","Goya","20.0","MIN. Y FLIA.","COMIDAS",""
"A","Centro de Día ""Días Felices""","Instituto de Orientación Juvenil","Km. 6, Frente al Aeropuerto","3794-597128 (Analia Segovia)","Dto. de Goya","Goya","30.0","MIN. Y FLIA.","REFRIGERIOS",""
"A","Centro de Día ""Días Felices""","J.M. ""Abuelo Justo""","Barrio 432 Viviendas","3777648938 (Laura Medina)","Dto. de Goya","Goya","","MIN. Y FLIA.","REFRIGERIOS","Reciben en Plan 1 (2026)"
"A","Centro de Día ""Días Felices""","J.M. ""Mamá Perla""","Piragine Niveyro 730 - Goya","3777624146 (Belen Balestra)","Dto. de Goya","Goya","","MIN. Y FLIA.","REFRIGERIOS","Reciben en Plan 1 (2026)"
"A","Delegación Desarrollo Social (Goya)","Comedor San Cayetano","Tucumán y Pujol","3777-637016 (Beatriz Lopez)","Dto. de Goya","Goya","100.0","ACCION SOCIAL","COMIDAS",""
"A","Delegación Desarrollo Social (Goya)","Comedor San Cayetano","Tucumán y Pujol","3777-637016 (Beatriz Lopez)","Dto. de Goya","Goya","130.0","ACCION SOCIAL","REFRIGERIOS",""
"A","Delegación Desarrollo Social (Goya)","Congregación Cristiana","Bartolomé Mitre 1337","3777-394195 (Marcelo Javier Fernández)","Dto. de Goya","Goya","75.0","ACCION SOCIAL","COMIDAS",""
"A","Delegación Desarrollo Social (Goya)","Liga Goyana de Fútbol (Para 7 Clubes)","Av. Sarmiento 60","","Dto. de Goya","Goya","255.0","ACCION SOCIAL","REFRIGERIOS",""
"A","Delegación Desarrollo Social (Goya)","Municipalidad de Goya","Municipalidad","","Dto. de Goya","Goya","880.0","ACCION SOCIAL","COMIDAS",""
"A","Delegación Desarrollo Social (Goya)","Municipalidad de Goya","Municipalidad","","Dto. de Goya","Goya","1050.0","ACCION SOCIAL","REFRIGERIOS",""
"A","Goya","Goya","Bº Estrella del Sur Mz C C.22","(3777-273034) LEMOS SILVIA","Dto. de Goya","Goya","20.0","ACCION SOCIAL","REFRIGERIOS",""
"A","Goya","Goya","Bº Estrella del Sur Mz C C.22","(3777-273034) LEMOS SILVIA","Dto. de Goya","Goya","15.0","ACCION SOCIAL","COMIDAS",""
"A","H.A. San José","H.A. San José","Sargento Cabral 351 - Goya","3777-221962 (María Raquel Ortiz)","Dto. de Goya","Goya","50.0","MIN. Y FLIA.","COMIDAS",""
"A","H.A. San José","H.A. San José","Sargento Cabral 351 - Goya","3777-221962 (María Raquel Ortiz)","Dto. de Goya","Goya","60.0","MIN. Y FLIA.","REFRIGERIOS",""
"A","Movimiento Libre del Sur (Goya)","Movimiento Libre del Sur","Barrio Belgrano Mz G Casa 1","Ocampo, Miriam Matilde (Cel.11-2338-9298)","Dto. de Goya","Goya","50.0","ACCION SOCIAL","COMIDAS",""
"C","Basílica de Itatí (ITATI)","Basilica de Itatí","Monseñor Luis Niella 340","11-3436-0047 (Porfirio Ramirez)","Dto. de Itatí","Itatí","30.0","ACCION SOCIAL","REFRIGERIOS",""
"C","Basílica de Itatí (ITATI)","Basilica de Itatí","Monseñor Luis Niella 340","11-3436-0047 (Porfirio Ramirez)","Dto. de Itatí","Itatí","60.0","ACCION SOCIAL","COMIDAS",""
"C","C.I.C. Dr. René Favaloro","C.I.C. Dr. René Favaloro","Bº Avá Rapé e/ Villegas y 7 de Diciembre - Norberto Ramírez","3794121156 (Mirian Lugo)","Dto. de Itatí","Itatí","300.0","ACCION SOCIAL","COMIDAS",""
"C","C.I.C. Dr. René Favaloro","C.I.C. Dr. René Favaloro","Bº Avá Rapé e/ Villegas y 7 de Diciembre - Norberto Ramírez","3794121156 (Mirian Lugo)","Dto. de Itatí","Itatí","100.0","ACCION SOCIAL","REFRIGERIOS",""
"C","C.P.M. Nº 3 ""Cambacito""","C.P.M. Nº 3 ""Cambacito""","25 de Mayo S/N (Al lado de Estación Terminal)","3795-330487 (Cynthya Elisabet Umbert)","Dto. de Itatí","Itatí","","MIN. Y FLIA.","REFRIGERIOS","Reciben en Plan 1 (2026)"
"C","Comedor Nueva Esperanza (ITATI)","Comedor Nueva Esperanza","25 de Mayo 480. Analía Ramírez","3795-164878 (Darío González)","Dto. de Itatí","Itatí","45.0","ACCION SOCIAL","COMIDAS",""
"C","Comedor Nueva Esperanza (ITATI)","Comedor Nueva Esperanza","25 de Mayo 480. Analía Ramírez","3795-164878 (Darío González)","Dto. de Itatí","Itatí","80.0","ACCION SOCIAL","REFRIGERIOS",""
"C","ONG RED MUNDIAL","ONG RED MUNDIAL","Bº Entel - Alberdi s/n -  Casa Nº 8 e/ Pedro Mola y 9 de Julio","3758-403089 (Marta Ifran)","Dto. de Ituzaingó","San Carlos","20.0","ACCION SOCIAL","REFRIGERIOS",""
"C","ONG RED MUNDIAL","ONG RED MUNDIAL","Bº Entel - Alberdi s/n -  Casa Nº 8 e/ Pedro Mola y 9 de Julio","3758-403089 (Marta Ifran)","Dto. de Ituzaingó","San Carlos","20.0","ACCION SOCIAL","COMIDAS",""
"C","Asociación Hogar de Niños Filadelfia","Asociación Hogar de Niños Filadelfia","Ruta 12 km 1275 Luis Alberto Santibañez","3786-458870 (Irma Esther Marzoratti)","Dto. de Ituzaingó","Ituzaingó","60.0","ACCION SOCIAL","COMIDAS",""
"C","Asociación Hogar de Niños Filadelfia","Asociación Hogar de Niños Filadelfia","Ruta 12 km 1275 Luis Alberto Santibañez","3786-458870 (Irma Esther Marzoratti)","Dto. de Ituzaingó","Ituzaingó","90.0","ACCION SOCIAL","REFRIGERIOS",""
"C","CADI ITUZAINGÓ","CADI ITUZAINGÓ","","3786-451076 (Natalia Malavé)","Dto. de Ituzaingó","Ituzaingó","40.0","ACCION SOCIAL","REFRIGERIOS",""
"C","Comedor Denis Ituzaingo","Comedor Denis Ituzaingo","Bº Paraná - Calle Madariaga y Mendoza.","3786-511681 (Silvia Belarde)","Dto. de Ituzaingó","Ituzaingó","40.0","ACCION SOCIAL","COMIDAS",""
"C","Comedor Denis Ituzaingo","Comedor Denis Ituzaingo","Bº Paraná - Calle Madariaga y Mendoza.","3786-511681 (Silvia Belarde)","Dto. de Ituzaingó","Ituzaingó","40.0","ACCION SOCIAL","REFRIGERIOS",""
"C","H.A. Casita de los Abuelos","H.A. Casita de los Abuelos","Calle Guzmán S/N  Ituzaingó","3786-457697 (Tomasa Gauto)","Dto. de Ituzaingó","Ituzaingó","45.0","MIN. Y FLIA.","COMIDAS",""
"C","H.A. Casita de los Abuelos","H.A. Casita de los Abuelos","Calle Guzmán S/N  Ituzaingó","3786-457697 (Tomasa Gauto)","Dto. de Ituzaingó","Ituzaingó","50.0","MIN. Y FLIA.","REFRIGERIOS",""
"C","Isla Apipé Grande San Antonio","Isla Apipé Grande San Antonio","Isla Apipé Gde. San Antonio","3786-610422 (Candelaria Vargas)","Dto. de Ituzaingó","Ituzaingó","100.0","ACCION SOCIAL","COMIDAS",""
"C","Isla Apipé Grande San Antonio","Isla Apipé Grande San Antonio","Isla Apipé Gde. San Antonio","3786-610422 (Candelaria Vargas)","Dto. de Ituzaingó","Ituzaingó","15.0","ACCION SOCIAL","REFRIGERIOS",""
"C","Liga Ituzaingueña de Fútbol (para 6 clubes)","Liga Ituzaingueña de Fútbol (para 6 clubes)","","","Dto. de Ituzaingó","Ituzaingó","150.0","ACCION SOCIAL","REFRIGERIOS",""
"C","C.P.M. Nº 21 ""Mita Ñangareko - Ha""","C.P.M. Nº 21 ""Mita Ñangareko - Ha""","Ruta N°12 Villa Olivari - Ituzaingó","3786-401215 (Paola salinas)","Dto. de Ituzaingó","Villa Olivari","","MIN. Y FLIA.","COMIDAS","Reciben en Plan 1 (2026)"
"C","C.P.M. Nº 21 ""Mita Ñangareko - Ha""","C.P.M. Nº 21 ""Mita Ñangareko - Ha""","Ruta N°12 Villa Olivari - Ituzaingó","3786-401215 (Paola salinas)","Dto. de Ituzaingó","Villa Olivari","","MIN. Y FLIA.","REFRIGERIOS","Reciben en Plan 1 (2026)"
"C","H.A. Casita de los Abuelos","C.P.M. Nº 15 Ñangarecó Porá","3 de Abril y Perú","","Dto. de Ituzaingó","Villa Olivari","","MIN. Y FLIA.","REFRIGERIOS","Reciben en Plan 1 (2026)"
"A","Comedor Eyú Karú Porá","Comedor Eyú Karú Porá","Av. San Martín (dentro del predio de Estación Sanitaria) Ana Galván / Graciela Insaurralde)","3777-410483  (Ana Galván) /  3794-340123 (Graciela Insaurralde)","Dto. de Lavalle","Gob. Martínez","25.0","ACCION SOCIAL","COMIDAS",""
"A","Comedor Eyú Karú Porá","Comedor Eyú Karú Porá","Av. San Martín (dentro del predio de Estación Sanitaria) Ana Galván / Graciela Insaurralde)","3777-410483  (Ana Galván) /  3794-340123 (Graciela Insaurralde)","Dto. de Lavalle","Gob. Martínez","25.0","ACCION SOCIAL","REFRIGERIOS",""
"A","Espacio de Primera Infancia (EPI) ""Dulces Sueños","Espacio de Primera Infancia (EPI) ""Dulces Sueños","I.M. Lopez y Gral. Belgrano","","Dto. de Lavalle","Gob. Martínez","15.0","ACCION SOCIAL","COMIDAS",""
"A","Merendero ""Ministerio, Poder y Potencia de Dios""","Merendero ""Ministerio, Poder y Potencia de Dios""","Municipalidad - Gdor. Martínez","3777-312293 (Zunilda Martinez)","Dto. de Lavalle","Gob. Martínez","80.0","ACCION SOCIAL","REFRIGERIOS",""
"A","Asociación Civil Barrio San Antonio","Asociación Civil Barrio San Antonio","Chacabuco y Sgto. Cabral - Andrea Ganduya","3777-553562 (Valeria Aguirre)","Dto. de Lavalle","Lavalle","50.0","ACCION SOCIAL","COMIDAS",""
"A","Asociación Civil Barrio San Antonio","Asociación Civil Barrio San Antonio","Chacabuco y Sgto. Cabral - Andrea Ganduya","3777-553562 (Valeria Aguirre)","Dto. de Lavalle","Lavalle","50.0","ACCION SOCIAL","REFRIGERIOS",""
"A","Centro Laura Vicuña","Centro Laura Vicuña","","3777-734587 (Mirta Gómez)","Dto. de Lavalle","Lavalle","70.0","MIN. Y FLIA.","COMIDAS",""
"A","Comedor Mirta Centurión","Comedor Mirta Centurión","Mons. D`Andrea 132","3777-228365 (Valeria Pintos)","Dto. de Lavalle","Lavalle","100.0","ACCION SOCIAL","COMIDAS",""
"A","Comedor Vecinos Paraje","Comedor Vecinos Paraje","La Loma","3777-633668 (Verónica Ruiz Diaz)","Dto. de Lavalle","Lavalle","55.0","ACCION SOCIAL","COMIDAS",""
"A","Delegación Desarrollo Social (Santa Lucía)","Delegación Desarrollo Social (Santa Lucía)","Plácido Martínez y Colón - César Heine","3777-681145 (César Heine)","Dto. de Lavalle","Santa Lucía","50.0","ACCION SOCIAL","REFRIGERIOS",""
"A","Delegación Desarrollo Social (Santa Lucía)","Delegación Desarrollo Social (Santa Lucía)","Plácido Martínez y Colón - César Heine","3777-681145 (César Heine)","Dto. de Lavalle","Santa Lucía","95.0","ACCION SOCIAL","COMIDAS",""
"A","Fundación ""Pequeños Pasos""","Fundación ""Pequeños Pasos""","Sarmiento 274 - Santa Lucia","3777-832080","Dto. de Lavalle","Santa Lucía","50.0","ACCION SOCIAL","REFRIGERIOS",""
"A","H.A. San Vicente de Paul (Santa Lucía)","H.A. San Vicente de Paul (Santa Lucía)","Corrientes 598","3777-620734 (Norma Busellato)","Dto. de Lavalle","Santa Lucía","20.0","MIN. Y FLIA.","COMIDAS",""
"A","H.A. San Vicente de Paul (Santa Lucía)","H.A. San Vicente de Paul (Santa Lucía)","Corrientes 598","3777-620734 (Norma Busellato)","Dto. de Lavalle","Santa Lucía","40.0","MIN. Y FLIA.","REFRIGERIOS",""
"A","H.A. San Vicente de Paul (Santa Lucía)","J.M. Abuela Josefina","1000 Vdas. / Mz. B / Casa 7 - Santa Lucia","3777-616888 (Mariangel Aquino)","Dto. de Lavalle","Santa Lucía","","MIN. Y FLIA.","COMIDAS","Reciben en Plan 1 (2026)"
"A","H.A. San Vicente de Paul (Santa Lucía)","J.M. Abuela Josefina","1000 Vdas. / Mz. B / Casa 7 - Santa Lucia","3777-616888 (Mariangel Aquino)","Dto. de Lavalle","Santa Lucía","","MIN. Y FLIA.","REFRIGERIOS","Reciben en Plan 1 (2026)"
"A","Merendero Santa Catalina","Merendero Santa Catalina","Bº Santa Catalina - Cruz Mayor S/N","3777-541427 (Susana Fernández)","Dto. de Lavalle","Santa Lucía","40.0","ACCION SOCIAL","REFRIGERIOS",""
"A","H.A. Ramón Añasco","H.A. Ramón Añasco","Alberdi y Alsina","3782-512773 (Maria Duarte)","Dto. de Mburucuyá","Mburucuyá","30.0","MIN. Y FLIA.","COMIDAS",""
"A","H.A. Ramón Añasco","H.A. Ramón Añasco","Alberdi y Alsina","3782-512773 (Maria Duarte)","Dto. de Mburucuyá","Mburucuyá","50.0","MIN. Y FLIA.","REFRIGERIOS",""
"A","Juan Pablo II ""Mburucuyá""","Juan Pablo II ""Mburucuyá""","Caá Catí 348 entre Belgrano y Moreno - Dpto. de Mburucuyá","3794726424 (Soledad Aquere)","Dto. de Mburucuyá","Mburucuyá","30.0","ACCION SOCIAL","COMIDAS",""
"A","Madres de Mburucuyá","Madres de Mburucuyá","J.J.Silva y Lamadrid - Sr. Guastavino","3782-546464 (Ramona Isabel Alvarez)","Dto. de Mburucuyá","Mburucuyá","80.0","ACCION SOCIAL","COMIDAS",""
"A","Madres de Mburucuyá","Madres de Mburucuyá","J.J.Silva y Lamadrid - Sr. Guastavino","3782-546464 (Ramona Isabel Alvarez)","Dto. de Mburucuyá","Mburucuyá","80.0","ACCION SOCIAL","REFRIGERIOS",""
"B","Comedor María del Rosario (Mariano Loza - Mercedes)","Comedor María del Rosario (Mariano Loza - Mercedes)","San Martín S/N -  Mariano Loza","3773-470599 (Zulema Fernández)","Dto. de Mercedes","Mariano I. Loza","0.0","ACCION SOCIAL","COMIDAS","Plan Verano 2026: BAJA"
"B","APADEM (Asoc. Padres y Amigos del Discap. Mental)","APADEM (Asoc. Padres y Amigos del Discap. Mental)","Sarmiento 256","3773-468806 (Diana Patricia Martínez)","Dto. de Mercedes","Mercedes","40.0","MIN. Y FLIA.","COMIDAS",""
"B","APADEM (Asoc. Padres y Amigos del Discap. Mental)","APADEM (Asoc. Padres y Amigos del Discap. Mental)","Sarmiento 256","3773-468806 (Diana Patricia Martínez)","Dto. de Mercedes","Mercedes","50.0","MIN. Y FLIA.","REFRIGERIOS",""
"B","C.P.M. Nº 16 ""Sagrado Corazón de Jesús""","C.P.M. Nº 16 ""Sagrado Corazón de Jesús""","B° San Antonio - Benedicta Medina Chacra N° 41","3773-463610 (Valeria Pauli)","Dto. de Mercedes","Mercedes","","MIN. Y FLIA.","COMIDAS","Reciben en Plan 1 (2026)"
"B","C.P.M. Nº 16 ""Sagrado Corazón de Jesús""","C.P.M. Nº 16 ""Sagrado Corazón de Jesús""","B° San Antonio - Benedicta Medina Chacra N° 41","3773-463610 (Valeria Pauli)","Dto. de Mercedes","Mercedes","","MIN. Y FLIA.","REFRIGERIOS","Reciben en Plan 1 (2026)"
"B","C.P.M. Nº 27 ""Santa Rita""","C.P.M. Nº 27 ""Santa Rita""","Pago Largo 1039","3773-403002 (Jessica de Lucca)","Dto. de Mercedes","Mercedes","","MIN. Y FLIA.","COMIDAS","Reciben en Plan 1 (2026)"
"B","C.P.M. Nº 27 ""Santa Rita""","C.P.M. Nº 27 ""Santa Rita""","Pago Largo 1039","3773-403002 (Jessica de Lucca)","Dto. de Mercedes","Mercedes","","MIN. Y FLIA.","REFRIGERIOS","Reciben en Plan 1 (2026)"
"B","CPM Nueva Semilla","CPM Nueva Semilla","Beltrán 612","3773-450949 (Claudia Elías)","Dto. de Mercedes","Mercedes","60.0","ACCION SOCIAL","REFRIGERIOS",""
"B","CPM Nueva Semilla","CPM Nueva Semilla","Beltrán 612","3773-450949 (Claudia Elías)","Dto. de Mercedes","Mercedes","50.0","ACCION SOCIAL","COMIDAS",""
"B","Delegación Desarrollo Social (Mercedes)","Delegación Desarrollo Social (Mercedes)","Av. San Martín entre Paraíso y Sta. Fe (Cel. 3773406627)","","Dto. de Mercedes","Mercedes","200.0","ACCION SOCIAL","COMIDAS",""
"B","Delegación Desarrollo Social (Mercedes)","Delegación Desarrollo Social (Mercedes)","Av. San Martín entre Paraíso y Sta. Fe (Cel. 3773406627)","","Dto. de Mercedes","Mercedes","300.0","ACCION SOCIAL","REFRIGERIOS",""
"B","H.A. Florencia Nigthingale","H.A. Florencia Nigthingale","Lacour 1123","","Dto. de Mercedes","Mercedes","60.0","MIN. Y FLIA.","COMIDAS",""
"B","H.A. Florencia Nigthingale","H.A. Florencia Nigthingale","Lacour 1123","","Dto. de Mercedes","Mercedes","90.0","MIN. Y FLIA.","REFRIGERIOS",""
"B","Institución Amas","Institución Amas","Batalla de Salta 503","","Dto. de Mercedes","Mercedes","20.0","MIN. Y FLIA.","REFRIGERIOS",""
"B","J.M. Niño Rhupá I","J.M. Niño Rhupá I","Yatai y A. J. Pereyra","3773-469101 (María Fernanda Ganduglia)","Dto. de Mercedes","Mercedes","","MIN. Y FLIA.","COMIDAS","Reciben en Plan 1 (2026)"
"B","J.M. Niño Rhupá I","J.M. Niño Rhupá I","Yatai y A. J. Pereyra","3773-469101 (María Fernanda Ganduglia)","Dto. de Mercedes","Mercedes","","MIN. Y FLIA.","REFRIGERIOS","Reciben en Plan 1 (2026)"
"B","J.M. Niño Rhupá II","J.M. Niño Rhupá II","M.F. Mantilla 669 (Silvia Alezzandri)","3773-418750 (Silvia Alezzandri)","Dto. de Mercedes","Mercedes","","MIN. Y FLIA.","REFRIGERIOS","Reciben en Plan 1 (2026)"
"B","Liga Mercedeña de Fútbol  (Para 12 Clubes)","Liga Mercedeña de Fútbol  (Para 12 Clubes)","Alfredo Ferreyra y Yataí","3773-436313 (Víctor Gerardo Fernández)","Dto. de Mercedes","Mercedes","445.0","ACCION SOCIAL","REFRIGERIOS",""
"B","C.I.C. Sec. Des. Humano Monte Caseros","C.I.C. Sec. Des. Humano Monte Caseros (ex Liga)","El Maestro y Belgrano (Monte Caseros) (Cel. 3775404246)","3775-404246 (Claudia Alvarez)","Dto. de Monte Caseros","Monte Caseros","220.0","ACCION SOCIAL","REFRIGERIOS",""
"B","H.A. Casa Bienestar del Anciano","H.A. Casa Bienestar del Anciano","Eva Duarte de Perón 333","3775-410943 (Soraya Cusinato)","Dto. de Monte Caseros","Monte Caseros","30.0","MIN. Y FLIA.","COMIDAS",""
"B","H.A. Casa Bienestar del Anciano","H.A. Casa Bienestar del Anciano","Eva Duarte de Perón 333","3775-410943 (Soraya Cusinato)","Dto. de Monte Caseros","Monte Caseros","50.0","MIN. Y FLIA.","REFRIGERIOS",""
"B","J.M. ""Jesús de Nazareth""","J.M. ""Jesús de Nazareth""","Salta 102","","Dto. de Monte Caseros","Monte Caseros","","MIN. Y FLIA.","REFRIGERIOS","Reciben en Plan 1 (2026)"
"C","Comedor Infantil Paso de Libres","Comedor Infantil Paso de Libres","Pje.Castro 1675 - Paso de los Libres","3772-706985 (Andre Fernandez)","Dto. de Paso de los Libres","Paso de los Libres","50.0","ACCION SOCIAL","COMIDAS",""
"C","Delegacion de Paso de los Libres","Delegacion de Paso de los Libres","Félix María Gómez y A. Rojas (al lado Comisaria 3º)","3772-408771 (Matias Velasco)","Dto. de Paso de los Libres","Paso de los Libres","100.0","ACCION SOCIAL","COMIDAS",""
"C","Delegacion de Paso de los Libres","Delegacion de Paso de los Libres","Félix María Gómez y A. Rojas (al lado Comisaria 3º)","3772-408771 (Matias Velasco)","Dto. de Paso de los Libres","Paso de los Libres","100.0","ACCION SOCIAL","REFRIGERIOS",""
"C","Fund. de Encuen. para el Desarrollo Integral","Fund. de Encuen. para el Desarrollo Integral","B° Facundo Quiroga Mz A Casa 13 y Av 2 de abril","3772-255357 (Perez Ramon Armando)","Dto. de Paso de los Libres","Paso de los Libres","60.0","ACCION SOCIAL","COMIDAS",""
"C","Fund. de Encuen. para el Desarrollo Integral","Fund. de Encuen. para el Desarrollo Integral","B° Facundo Quiroga Mz A Casa 13 y Av 2 de abril","3772-255357 (Perez Ramon Armando)","Dto. de Paso de los Libres","Paso de los Libres","60.0","ACCION SOCIAL","REFRIGERIOS",""
"C","H.A. Gregoria M. de San Martín","C.I.P.I. Nº 1 ""Ardillitas""","Barrio Doctor Paiva","3772-430334 (Duarte Churrua Daniela)","Dto. de Paso de los Libres","Paso de los Libres","","MIN. Y FLIA.","REFRIGERIOS","Reciben en Plan 1 (2026)"
"C","H.A. Gregoria M. de San Martín","C.P.M. Nº 13 ""Nuestra Señora de la Merced""","Barrio La Merced","3772-618312 (Legazpia Raul Antonio)","Dto. de Paso de los Libres","Paso de los Libres","","MIN. Y FLIA.","REFRIGERIOS","Reciben en Plan 1 (2026)"
"C","H.A. Gregoria M. de San Martín","C.P.M. Nº 7 ""Mitaí""","Barrio Capilla Sagrado Corazón","3772-462635 (Acuña Mariana Ayelen)","Dto. de Paso de los Libres","Paso de los Libres","","MIN. Y FLIA.","REFRIGERIOS","Reciben en Plan 1 (2026)"
"C","H.A. Gregoria M. de San Martín","C.P.M. Nº 8 ""Cruz de Los Milagros""","Barrio Cruz de Los Milagros","3772-504600 (Gordillo Walter Adrian)","Dto. de Paso de los Libres","Paso de los Libres","","MIN. Y FLIA.","REFRIGERIOS","Reciben en Plan 1 (2026)"
"C","H.A. Gregoria M. de San Martín","C.P.M. Nº 9 ""Santa María""","Ferreyra S/N","3772-409038 (Niveyro Silvio Antonio)","Dto. de Paso de los Libres","Paso de los Libres","","MIN. Y FLIA.","REFRIGERIOS","Reciben en Plan 1 (2026)"
"C","H.A. Gregoria M. de San Martín","Centro de Día ""Un Niño me Llama""","Mitre 1150","3772-430473 (Depacce Genaro)","Dto. de Paso de los Libres","Paso de los Libres","","MIN. Y FLIA.","REFRIGERIOS","Reciben en Plan 1 (2026)"
"C","H.A. Gregoria M. de San Martín","H.A. Gregoria M. de San Martín","Yatai 655 - Paso de los Libres","3772-635612 (Pamela Niveyro)","Dto. de Paso de los Libres","Paso de los Libres","30.0","MIN. Y FLIA.","COMIDAS",""
"C","H.A. Gregoria M. de San Martín","H.A. Gregoria M. de San Martín","Yatai 655 - Paso de los Libres","3772-635612 (Pamela Niveyro)","Dto. de Paso de los Libres","Paso de los Libres","50.0","MIN. Y FLIA.","REFRIGERIOS",""
"C","H.A. Gregoria M. de San Martín","J.M. Blancanieves","Mitre 975 - Paso de los Libres","3772-502225 (Mouesca Silvina)","Dto. de Paso de los Libres","Paso de los Libres","","MIN. Y FLIA.","REFRIGERIOS","Reciben en Plan 1 (2026)"
"C","Liga Libreña de Fútbol - Deleg. Secr. de Des. Humano","Liga Libreña de Fútbol - Deleg. Secr. de Des. Humano","Belgrano y Coronel Regera","3772-514212 (Javier Vallejos)","Dto. de Paso de los Libres","Paso de los Libres","390.0","ACCION SOCIAL","REFRIGERIOS",""
"C","Comedor Doña China","Comedor Doña China","Biblioteca Popular Ramón Barboza","","Dto. de Paso de los Libres","Tapebicuá","80.0","ACCION SOCIAL","COMIDAS",""
"C","Comedor Doña China","Comedor Doña China","Biblioteca Popular Ramón Barboza","","Dto. de Paso de los Libres","Tapebicuá","80.0","ACCION SOCIAL","REFRIGERIOS",""
"A","H.A. San José","Centro de Día ""Ñanderoga""","Florida 1147","3782-454305 (Miriam Romero)","Dto. de Saladas","Saladas","","MIN. Y FLIA.","REFRIGERIOS","Reciben en Plan 1 (2026)"
"A","H.A. San José","H.A. San José","Sarmiento 687 - Saladas","3782-609770 (Luis Humberto Diez)","Dto. de Saladas","Saladas","30.0","MIN. Y FLIA.","COMIDAS",""
"A","H.A. San José","H.A. San José","Sarmiento 687 - Saladas","3782-609770 (Luis Humberto Diez)","Dto. de Saladas","Saladas","50.0","MIN. Y FLIA.","REFRIGERIOS",""
"C","Merendero ""Congregación Cristiana"" - Paso de la Patria","Merendero ""Congregación Cristiana"" - Paso de la Patria","Rivadavia e/Salta y Bs.As. - Paso de la Patria","3794-056683 (Gustavo Sanchez)","Dto. de San Cosme","Paso de la Patria","45.0","ACCION SOCIAL","REFRIGERIOS",""
"C","Nueva Esperanza","Nueva Esperanza","CIC Bº Matadero (Jimena Vallejos)","3794-338952 (Jimena Vallejos)","Dto. de San Cosme","San Cosme","30.0","ACCION SOCIAL","COMIDAS",""
"C","Nueva Esperanza","Nueva Esperanza","CIC Bº Matadero (Jimena Vallejos)","3794-338952 (Jimena Vallejos)","Dto. de San Cosme","San Cosme","35.0","ACCION SOCIAL","REFRIGERIOS",""
"C","Merendero Medalla Milagrosa","Merendero Medalla Milagrosa (Pamela Barrios)","Barrio Santa Ana","3794-694402 (Pamela Barrios)","Dto. de San Cosme","Santa Ana","30.0","ACCION SOCIAL","COMIDAS",""
"C","Merendero Medalla Milagrosa","Merendero Medalla Milagrosa (Pamela Barrios)","Barrio Santa Ana","3794-694402 (Pamela Barrios)","Dto. de San Cosme","Santa Ana","80.0","ACCION SOCIAL","REFRIGERIOS",""
"C","C.P.M. N° 18 ""San Luisito""","C.P.M. N° 18 ""San Luisito""","Mitre y Berón de Astrada - H.A. San Luisito","3794-062849 (Ayelen Fernandez)","Dto. de San Luis del Palmar","San Luis del Palmar","","MIN. Y FLIA.","REFRIGERIOS","Reciben en Plan 1 (2026)"
"C","C.P.M. N° 18 ""San Luisito""","C.P.M. N° 18 ""San Luisito""","Mitre y Berón de Astrada - H.A. San Luisito","3794-062849 (Ayelen Fernandez)","Dto. de San Luis del Palmar","San Luis del Palmar","","MIN. Y FLIA.","COMIDAS","Reciben en Plan 1 (2026)"
"C","C.P.M. N° 18 ""San Luisito""","H.A. San Luisito","Mitre y Berón de Astrada","3624-515998 (Angelica Aldavez)","Dto. de San Luis del Palmar","San Luis del Palmar","50.0","MIN. Y FLIA.","REFRIGERIOS",""
"C","C.P.M. N° 18 ""San Luisito""","H.A. San Luisito","Mitre y Berón de Astrada","3624-515998 (Angelica Aldavez)","Dto. de San Luis del Palmar","San Luis del Palmar","25.0","MIN. Y FLIA.","COMIDAS",""
"C","Delegación Acción Social S.L.P.","Delegación Acción Social S.L.P.","Rivadavia y H. Amarilla","3794-594111 (Marta Roa)/ 3794-027347 (Elsa Viviana Pavón)","Dto. de San Luis del Palmar","San Luis del Palmar","110.0","ACCION SOCIAL","REFRIGERIOS",""
"C","Delegación Acción Social S.L.P.","Delegación Acción Social S.L.P.","Rivadavia y H. Amarilla","3794-594111 (Marta Roa)/ 3794-027347 (Elsa Viviana Pavón)","Dto. de San Luis del Palmar","San Luis del Palmar","330.0","ACCION SOCIAL","COMIDAS",""
"C","Delegación Acción Social S.L.P.","Primera Sección - San Luis del Palmar","","3795-076137 (Nelida Aguirre)","Dto. de San Luis del Palmar","San Luis del Palmar","80.0","ACCION SOCIAL","COMIDAS",""
"C","Lomas de González","Lomas de González","","3794-344213 (Rocio Gomez )","Dto. de San Luis del Palmar","San Luis del Palmar","20.0","MIN. Y FLIA.","COMIDAS",""
"C","Rincón Navarro","Rincón Navarro","","3794-590348 (Sonia acuña)","Dto. de San Luis del Palmar","San Luis del Palmar","20.0","MIN. Y FLIA.","COMIDAS",""
"C","C.P.M. Nº 12 ""Nuestra Señora de Fátima""","C.P.M. Nº 12 ""Nuestra Señora de Fátima""","Barrio Centenario - La Cruz","","Dto. de San Martín","La Cruz","","MIN. Y FLIA.","REFRIGERIOS","Reciben en Plan 1 (2026)"
"C","C.P.M. Nº 12 ""Nuestra Señora de Fátima""","C.P.M. Nº 12 ""Nuestra Señora de Fátima""","Barrio Centenario - La Cruz","","Dto. de San Martín","La Cruz","","MIN. Y FLIA.","COMIDAS","Reciben en Plan 1 (2026)"
"C","H.A. Roberto Grenni","H.A. Roberto Grenni","Goya y Bartolomé Mitre - La Cruz - San Martin","","Dto. de San Martín","La Cruz","40.0","MIN. Y FLIA.","REFRIGERIOS",""
"C","H.A. Roberto Grenni","H.A. Roberto Grenni","Goya y Bartolomé Mitre - La Cruz - San Martin","","Dto. de San Martín","La Cruz","50.0","MIN. Y FLIA.","COMIDAS",""
"C","J.M. Centro Comunitario San Tarcisio","J.M. Centro Comunitario San Tarcisio","Barrio Unión 848 - La Cruz","","Dto. de San Martín","La Cruz","","MIN. Y FLIA.","REFRIGERIOS","Reciben en Plan 1 (2026)"
"B","Asociación Centro de Discapacitados","Asociación Centro de Discapacitados","Mitre 840 / Loreto","3795-588780 (Miriam Beatriz Medina)","Dto. de San Miguel","Loreto","45.0","MIN. Y FLIA.","COMIDAS",""
"B","Asociación Centro de Discapacitados","Asociación Centro de Discapacitados","Mitre 840 / Loreto","3795-588780 (Miriam Beatriz Medina)","Dto. de San Miguel","Loreto","35.0","MIN. Y FLIA.","REFRIGERIOS",""
"B","Asociación Civil Juventud Loretana","Asociación Civil Juventud Loretana","25 de mayo S/N","3794-287761 (Orlando Maidana)","Dto. de San Miguel","Loreto","50.0","ACCION SOCIAL","COMIDAS",""
"B","Asociación Civil Juventud Loretana","Asociación Civil Juventud Loretana","25 de mayo S/N","3794-287761 (Orlando Maidana)","Dto. de San Miguel","Loreto","150.0","ACCION SOCIAL","REFRIGERIOS",""
"B","H.A. San Benito","H.A. San Benito","Jujuy 324 - Loreto","3795-041166 (Norma Ramírez)","Dto. de San Miguel","Loreto","20.0","MIN. Y FLIA.","COMIDAS",""
"B","H.A. San Benito","H.A. San Benito","Jujuy 324 - Loreto","3795-041166 (Norma Ramírez)","Dto. de San Miguel","Loreto","25.0","MIN. Y FLIA.","REFRIGERIOS",""
"B","Merendero ""Angel Fermisito""","Merendero ""Angel Fermisito""","Julián González 449 B° Centro","3795-014755 (Gisela Rodríguez)","Dto. de San Miguel","Loreto","30.0","ACCION SOCIAL","REFRIGERIOS",""
"B","Merendero ""Angel Fermisito""","Merendero ""Angel Fermisito""","Julián González 449 B° Centro","3795-014755 (Gisela Rodríguez)","Dto. de San Miguel","Loreto","10.0","ACCION SOCIAL","COMIDAS",""
"B","Parr. Ntra. Sra de Loreto","Parroquia Nuestra Señora de Loreto","Sabes Gallardo S/N  - Loreto","3794-238342 (Garcia Cinthya)","Dto. de San Miguel","Loreto","50.0","MIN. Y FLIA.","COMIDAS",""
"B","Parr. Ntra. Sra de Loreto","Parroquia Nuestra Señora de Loreto","Sabes Gallardo S/N  - Loreto","3794-238342 (Garcia Cinthya)","Dto. de San Miguel","Loreto","40.0","MIN. Y FLIA.","REFRIGERIOS",""
"B","Asociación Civil Club Social y Deportivo Gaucho Gil","Asociación Civil Club Social y Deportivo Gaucho Gil","Cnia. El Caimán Ruta Nac. 118 km 116 (cabina de teléfono)","3794-750511 (Sergio Miño)","Dto. de San Miguel","Cnia. El Caimán","70.0","ACCION SOCIAL","REFRIGERIOS",""
"B","Iglesia Renacer","Iglesia Renacer","Bartolomé Mitre y Salta s/n","Alfonzo Walter Cel: 3794-665175/ Alegre Carina, Cel: 3794-597317","Dto. de San Miguel","Loreto","40.0","ACCION SOCIAL","REFRIGERIOS",""
"B","C.C.I. Virgen de Itatí­","C.C.I. Virgen de Itatí­","","","Dto. de San Miguel","San Miguel","50.0","MIN. Y FLIA.","COMIDAS",""
"B","C.C.I. Virgen de Itatí­","C.C.I. Virgen de Itatí­","","","Dto. de San Miguel","San Miguel","40.0","MIN. Y FLIA.","REFRIGERIOS",""
"B","C.P.M. Nº 17 ""San Miguelito""","C.P.M. Nº 17 ""San Miguelito""","Albergue Deportivo","3781-419321 (Veronica Edith Damasco)","Dto. de San Miguel","San Miguel","","MIN. Y FLIA.","REFRIGERIOS","Reciben en Plan 1 (2026)"
"B","Casita Verde","Casita Verde","Salta s/n (Vega: 3794402417) (San Miguel) (Cel. 3794668699 - Bordon)","3794-668699 (Carlos Bordon)","Dto. de San Miguel","San Miguel","80.0","ACCION SOCIAL","REFRIGERIOS",""
"B","Centro Integral Municipal Sagrado Corazón","Centro Integral Municipal Sagrado Corazón","","","Dto. de San Miguel","San Miguel","20.0","ACCION SOCIAL","REFRIGERIOS",""
"B","Fundación Colibrí Iberá","Fundación Colibrí Iberá","AV. SAN MARTIN S/N.","(3794-405985) ANA FIGUEROA","Dto. de San Miguel","San Miguel","20.0","ACCION SOCIAL","REFRIGERIOS",""
"B","C.P.M. Nº 33 Angel de la Guarda","C.P.M. Nº 33 Angel de la Guarda","San Martín y Berón de Astrada - 9 de Julio","3777-735319 (Pabla Gutierrez)","Dto. de San Roque","9 de Julio","","MIN. Y FLIA.","REFRIGERIOS","Reciben en Plan 1 (2026)"
"B","Centro de Protección al Menor","Centro de Protección al Menor","","","Dto. de San Roque","9 de Julio","","MIN. Y FLIA.","REFRIGERIOS","Reciben en Plan 1 (2026)"
"B","C.P.M. Nº 30 San Pedro","C.P.M. Nº 30 San Pedro","Club Marco Paz - Chavarria","3773-415537 (Nilda Araceli Porcel)","Dto. de San Roque","Chavarría","","MIN. Y FLIA.","COMIDAS","Reciben en Plan 1 (2026)"
"B","H.A. Pedro José de Marchi","H.A. Pedro José de Marchi","Pedro R. Fernandez S/N - Mantilla","","Dto. de San Roque","Mantilla","25.0","MIN. Y FLIA.","COMIDAS",""
"B","H.A. Pedro José de Marchi","H.A. Pedro José de Marchi","Pedro R. Fernandez S/N - Mantilla","","Dto. de San Roque","Mantilla","40.0","MIN. Y FLIA.","REFRIGERIOS",""
"B","C.P.M. Nº 30 San Pedro","C.P.M. Nº 30 San Pedro","Club Marco Paz - Chavarria","3773-415537 (Nilda Araceli Porcel)","Dto. de San Roque","San Roque","","MIN. Y FLIA.","REFRIGERIOS","Reciben en Plan 1 (2026)"
"B","H.A. San Roque de Montpellier","C.P.M. Nº 23 ""Pomberito"" (Anexo C.I.P.I. Nº 7 ""Topo Gigio"")","Ex Mercado de Abasto","3777-245786 (Liseth Penzo)","Dto. de San Roque","San Roque","","MIN. Y FLIA.","COMIDAS","Reciben en Plan 1 (2026)"
"B","H.A. San Roque de Montpellier","C.P.M. Nº 23 ""Pomberito"" (Anexo C.I.P.I. Nº 7 ""Topo Gigio"")","Ex Mercado de Abasto","3777-245786 (Liseth Penzo)","Dto. de San Roque","San Roque","","MIN. Y FLIA.","REFRIGERIOS","Reciben en Plan 1 (2026)"
"B","H.A. San Roque de Montpellier","Comedor Vecinos Barrio 30 Viviendas y Ayuda mutua","","","Dto. de San Roque","San Roque","45.0","ACCION SOCIAL","REFRIGERIOS",""
"B","H.A. San Roque de Montpellier","H.A. San Roque de Montpellier","San Martin 1005","3777-246205 (Lidia Baéz)","Dto. de San Roque","San Roque","40.0","MIN. Y FLIA.","COMIDAS",""
"B","H.A. San Roque de Montpellier","H.A. San Roque de Montpellier","San Martin 1005","3777-246205 (Lidia Baéz)","Dto. de San Roque","San Roque","60.0","MIN. Y FLIA.","REFRIGERIOS",""
"B","MERENDERO ANGEL DE LA GUARDA","MERENDERO ANGEL DE LA GUARDA","Bº ARROYITO - BERON DE ASTRADA 820","3777506248 (SOTELO ZUNILDA ISABEL)","Dto. de San Roque","San Roque","20.0","ACCION SOCIAL","REFRIGERIOS",""
"B","MERENDERO ANGEL DE LA GUARDA","MERENDERO ANGEL DE LA GUARDA","Bº ARROYITO - BERON DE ASTRADA 820","3777506248 (SOTELO ZUNILDA ISABEL)","Dto. de San Roque","San Roque","20.0","ACCION SOCIAL","COMIDAS",""
"C","Comedor Manito Solidaria","Comedor Manito Solidaria","Bº CESAREO NAVAJAS CALLE ARTURO ILLIA 1497 - CACERES NOELIA NORALI D.N.I. 36319504","3756-463681 (Stefi Ifran)","Dto. de Santo Tomé","Gob. Virasoro","70.0","ACCION SOCIAL","COMIDAS",""
"C","H.A. Madre Teresa (Virasoro)","C.P.M. Nº 24 ""Senderito de Luz""","Barrio 81 Viviendas","","Dto. de Santo Tomé","Gob. Virasoro","","MIN. Y FLIA.","REFRIGERIOS","Reciben en Plan 1 (2026)"
"C","H.A. Madre Teresa (Virasoro)","H.A. Madre Teresa","Barrio 128 Vdas. / Casa 2 - El Toro","3756-430830 (Sonia)","Dto. de Santo Tomé","Gob. Virasoro","60.0","MIN. Y FLIA.","COMIDAS",""
"C","H.A. Madre Teresa (Virasoro)","H.A. Madre Teresa","Barrio 128 Vdas. / Casa 2 - El Toro","3756-430830 (Sonia)","Dto. de Santo Tomé","Gob. Virasoro","80.0","MIN. Y FLIA.","REFRIGERIOS",""
"C","H.A. Madre Teresa (Virasoro)","H.T. Santa Teresita","Barrio 40 Viviendas / Casa 7","3574-403754 (Graciela Correa)","Dto. de Santo Tomé","Gob. Virasoro","40.0","Mtrio. de Justicia","COMIDAS",""
"C","H.A. Madre Teresa (Virasoro)","H.T. Santa Teresita","Barrio 40 Viviendas / Casa 7","3574-403754 (Graciela Correa)","Dto. de Santo Tomé","Gob. Virasoro","45.0","Mtrio. de Justicia","REFRIGERIOS",""
"C","H.A. Madre Teresa (Virasoro)","J.M. Niño Rhupá","325 Viviendas - Virasoro","","Dto. de Santo Tomé","Gob. Virasoro","","MIN. Y FLIA.","REFRIGERIOS","Reciben en Plan 1 (2026)"
"C","H.A. Madre Teresa (Virasoro)","J.M. Pequeño Mundo","Barrio Unión Sepac - Virasoro","","Dto. de Santo Tomé","Gob. Virasoro","","MIN. Y FLIA.","REFRIGERIOS","Reciben en Plan 1 (2026)"
"C","Liga Virasoro de Fútbol (Para 8 Clubes)","Liga Virasoro de Fútbol (Para 8 Clubes)","Robert Shumtin e Hipólito Irigoyen","","Dto. de Santo Tomé","Gob. Virasoro","180.0","ACCION SOCIAL","REFRIGERIOS",""
"C","Merendero Los Gurises de Virasoro","Merendero Los Gurises de Virasoro","B° Belgrano Mz 133 calle Juan Curi entre Remedio de Escalada y Manuel Ocampo","3795-003096 (José Luis Aquino)","Dto. de Santo Tomé","Gob. Virasoro","60.0","ACCION SOCIAL","REFRIGERIOS",""
"C","Merendero Los Ñanducitos","Merendero Los Ñanducitos","B° Vuelta del Ombú - Héroes de Malvinas Tomás Polonio Ávalos","3758-433771 (Jorge Terrile)","Dto. de Santo Tomé","Gob. Virasoro","30.0","ACCION SOCIAL","REFRIGERIOS",""
"C","Asociación Argentina Misionera","Asociación Argentina Misionera","Iglesia de Dios","","Dto. de Santo Tomé","Santo Tomé","40.0","ACCION SOCIAL","COMIDAS",""
"C","Asociación Argentina Misionera","Asociación Argentina Misionera","Iglesia de Dios","","Dto. de Santo Tomé","Santo Tomé","40.0","ACCION SOCIAL","REFRIGERIOS",""
"C","Delegación de Desarrollo Social Santo Tomé","Delegación de Desarrollo Social Santo Tomé","Hipólito Yrigoyen 876","3756-417328 (Augusto Suaid)","Dto. de Santo Tomé","Santo Tomé","50.0","ACCION SOCIAL","COMIDAS",""
"C","Delegación de Desarrollo Social Santo Tomé","Delegación de Desarrollo Social Santo Tomé","Hipólito Yrigoyen 876","3756-417328 (Augusto Suaid)","Dto. de Santo Tomé","Santo Tomé","50.0","ACCION SOCIAL","REFRIGERIOS",""
"C","H.A. Dr. Roman Itoiz","C.P.M. Nº 6 ""Virgen de Itatí"" Anexo CIPI Nº 7 Pinocho","Barrio Hormiguero, ex Escuela Redonda","","Dto. de Santo Tomé","Santo Tomé","","MIN. Y FLIA.","REFRIGERIOS","Reciben en Plan 1 (2026)"
"C","H.A. Dr. Roman Itoiz","H.A. Dr. Roman Itoiz","Angel Blanco y Pueyrredón","","Dto. de Santo Tomé","Santo Tomé","70.0","MIN. Y FLIA.","REFRIGERIOS",""
"C","H.A. Dr. Roman Itoiz","H.A. Dr. Roman Itoiz","Angel Blanco y Pueyrredón","","Dto. de Santo Tomé","Santo Tomé","40.0","MIN. Y FLIA.","COMIDAS",""
"C","H.A. Dr. Roman Itoiz","H.N. San Francisco de Asís","Pje. Atalaya / Colonia Gobernador","","Dto. de Santo Tomé","Santo Tomé","25.0","MIN. Y FLIA.","COMIDAS",""
"C","H.A. Dr. Roman Itoiz","H.N. San Francisco de Asís","Pje. Atalaya / Colonia Gobernador","","Dto. de Santo Tomé","Santo Tomé","45.0","MIN. Y FLIA.","REFRIGERIOS",""
"C","Liga Santotomeña de Fútbol (para 13 clubes)","Liga Santotomeña de Fútbol (para 13 clubes)","Brasil y C. Pellegrini","3756-568184 (Kevin Quiróz)","Dto. de Santo Tomé","Santo Tomé","80.0","ACCION SOCIAL","REFRIGERIOS",""
"B","H.A. Sagrado Corazón de Jesús","H.A. Sagrado Corazón de Jesús","Belgrano y San Martín","3774-631704 (Ojeda Onelia)","Dto. de Sauce","Sauce","25.0","MIN. Y FLIA.","COMIDAS",""
"B","H.A. Sagrado Corazón de Jesús","H.A. Sagrado Corazón de Jesús","Belgrano y San Martín","3774-631704 (Ojeda Onelia)","Dto. de Sauce","Sauce","50.0","MIN. Y FLIA.","REFRIGERIOS",""
"B","H.A. Sagrado Corazón de Jesús","H.N. San Benito","Bartolomé Mitre S/N","","Dto. de Sauce","Sauce","50.0","Mtrio. de Justicia","REFRIGERIOS",""
