ID,ZONA,DEPENDENCIA - CENTRO DE ENTREGA,DOMICILIO,RESPONSABLE,TIPO RECEPTOR,COMIDAS,REFRIGERIOS
1,CAPITAL,C.C.I. Santa Rita (Nº 01),"Bº Apipé, Colodrero y Sicilia","BOGADO, ROSARIO",ACCION SOCIAL,130,80
2,CAPITAL,MEDALLA MILAGROSA,"Bº COLLANTES, Ruta 12 Km 4","MEDINA, PEDRO ALBERTO  - Barrios Pamela",ACCION SOCIAL,90,
3,CAPITAL,NIÑO TRAVIESO,"Bº SANTA LUCIA , Ramos Mejia y Verona","BARRIENTOS, YOLANDA",ACCION SOCIAL,160,
4,CAPITAL,Centro At. Personas Esp.(CAPES SONUA),Bº BELGRANO  Almte. Brown y EEUU      Nº 4,"Díaz, Leticia - Ramirez Mirta",ACCION SOCIAL,100,100
5,CAPITAL,LA TOSQUERA Nº 5,Bº RIO PARANA - CABO DE HORNOS Y ANT. ARGENTINA (COM. 3 DE ABRIL),"Ojeda, Zulma",ACCION SOCIAL,50,50
6,CAPITAL,Comedor Santa Lucía,Bº GALVÁN - RIO IGUAZÚ Y GARCILAZO DE LA VEGA (FRENTE DE LA DELEGACIÓN DEL BARRIO GALVÁN),"VALLEJOS, ESTHER",ACCION SOCIAL,70,70
8,CAPITAL,Templo As.de Dios Filadelfia,Bº SAN GERONIMO   Domingo Lastra Nº770 y Juan Ramon Gimenez - Nº 8,"CUENCA, SANTA MARIA DE ASIS - Marzoratti Elba",ACCION SOCIAL,110,100
9,CAPITAL,FUNDACION EVITA,"Bº ARAZATI,  3 de Abril 38","MARTINEZ METZGER, LUCIA",ACCION SOCIAL,230,
10,CAPITAL,Comedor Santa Lucía II,Bº 17 de Agosto Sc. 9 Mza 53 Casa 16 (calle Sánchez de Bustamante),"Benítez, Paola",ACCION SOCIAL,60,60
11,CAPITAL,C.C.I. Caridi Nº 11,Bº CARIDI - Ibañez y Suipacha (Nº 2200),"Miranda,Lidia Beatriz",ACCION SOCIAL,200,140
13,CAPITAL,PEQUEÑO REBAÑO,"Bº Colombia Granadero,calle Garcia de Cossio 2755","BAZANTE, SANDRA TERESA DEL C.",ACCION SOCIAL,180,
14,CAPITAL,IGLESIA FILADELFIA,Bº Dr MONTAÑAJose m. Aguirre s/n,"Paré, María Gabriela",ACCION SOCIAL,60,
15,CAPITAL,LOS DALMATAS,"Bº Dr. MONTAÑA,MZ 64 C 34","SANCHEZ, MARIA MERCEDES",ACCION SOCIAL,240,
16,CAPITAL,C.C.I. M. Eva y J. Manuel,Bº Dr. MONTAÑA - Conte y Lara,"MONTIEL, MARIA",ACCION SOCIAL,150,90
17,CAPITAL,Comedor Santa Cecilia,Bº QUINTANA  142 viv Mz B Casa 8 Julio Verni y Renacimiento     Nº 17,"RAMIREZ, SILVIA VERÓNICA",ACCION SOCIAL,325,225
18,CAPITAL,C.C.I. María Auxiliadora,Bº Galván - Piragini Niveyro y Av. 3 de Abril/ detrás del sap Bº Galvan II (Nº 18),"LOPEZ, NORMA-TOLEDO, ALEJANDRO",ACCION SOCIAL,250,110
19,CAPITAL,Capilla Virgen del Carmen (Nº 19),Bº GALVAN Alberdi 2979 - Nº 19,"YEDRO, ELVA ITATI",ACCION SOCIAL,160,100
20,CAPITAL,MARAVILLAS DE JESUS,Bº INDUSTRIAL Valentin Gómez 55,"VANDECAVEYE, ANTONIO - Cardozo Nilda",ACCION SOCIAL,230,
21,CAPITAL,LOS MELLIZOS,Barrio Taitalo Punta,"Lencina , Marta del carmen",ASIST. LADR.,180,180
22,CAPITAL,EL PASITO,Barrio Seminario - EEUU y Río Paraná,"RAMIREZ, RAMON - Beronia González",ACCION SOCIAL,150,
23,CAPITAL,Comedor Ebenezer,Bº Merceditas Collantes MZ 3 Casa 6,"SANCHEZ, TERESITA MIRTA",ACCION SOCIAL,230,
24,CAPITAL,Asociacion Fotos del Alma,Bº Ex Aero Club Sarmiento 2985 - Nº 24,"JOKMANOVICH, ROSSANA",ACCION SOCIAL,20,30
25,CAPITAL,Ntra Sra de Fátima Nº 25,Bº JUAN de VERA -Balboa  2900,"Benítez, Patricia Cristina",ACCION SOCIAL,160,110
26,CAPITAL,VIRGEN DE ITATI,Bº LAGUNA SOTO,"NAVARRO, MERCEDES BEATRIZ",ACCION SOCIAL,70,
27,CAPITAL,Pequeño Pony,Bº LAGUNA BRAVA  - calle 6 de Mayo y Ruta 5 km 7              Nº 27,"ROLDAN, ANTONIA",ACCION SOCIAL,110,180
28,CAPITAL,LAGUNA PAMPIN,Bº LAGUNA PAMPIN detrás de la esc 599 (por calle fabrica postensa),"MORALES, ANTONIA",ACCION SOCIAL,90,70
29,CAPITAL,SAN PANTALEON,"Bº LAGUNA SECA, Resoagli y Pitagoras","Figuerero, Claudia",ACCION SOCIAL,100,
30,CAPITAL,Comedor Sagrada Familia II,Bº 17 de AGOSTO 25 Viv. G2 Casa 22    Nº 30   Sagr. Flia.,"ACOSTA, DAVID SIXTO",ACCION SOCIAL,90,80
31,CAPITAL,EMANUEL,Bº LAGUNA SECA Rio Janeiro 4592,"GONZALEZ, LORENZA",ACCION SOCIAL,200,
33,CAPITAL,LOMA LINDA,"Bº LOMA LINDA, Guemes Nº 2600","GONZALEZ, NORMA",ACCION SOCIAL,220,210
34,CAPITAL,Centro Com. Santa Isabel,Bº SANTA RITA calle Nº 1 Banda norte 2 cuadras y madia ruta Nº 5,"LOPEZ, PEDRO - Gladys Araujo",ACCION SOCIAL,180,150
35,CAPITAL,C.C.I. Hectorcito,Bº MOLINA PUNTA  136 VIV. LOTE 18,"NUÑEZ, ANTONIA REGINA",ACCION SOCIAL,140,130
36,CAPITAL,ISLAS MALVINAS,Barrio Molina Punta - Antilla y Pasionaria (al lado de Asoc. de Ladri.),"Avasolo, Julio",ASIST. LADR.,100,90
37,CAPITAL,TAITALO PUNTA,"Bº MOLINA PUNTA, Taitalo s/n","GUTIERREZ, RAMON",ACCION SOCIAL,70,20
39,CAPITAL,VIRGEN DESATANUDOS,"Bº CADENAS Sur, Lote 19 Sec 38","MOLINA, JOSE RAMON - Soto, Ramona",ACCION SOCIAL,80,
40,CAPITAL,GUADALUPE,Bº PARQUE CADENA  NORTE  Mz 5 Lote 4 y 5,"LENCINA URBINA, MARIO",ACCION SOCIAL,220,
41,CAPITAL,SAN CAMILO LELIS,Barrio Sol de Mayo - Ángel Navea y 20 de Mayo,CLARA FRANCO,ASIST. LADR.,190,115
42,CAPITAL,Mis Niñitos,Calle Cuarto Centenario 2892,"CABRAL, RUBEN DARIO",ACCION SOCIAL,255,269
43,CAPITAL,Pokemon,Bº PIRAYUI - Cuba y Nápoles                      Nº 43,"CABRERA, ELENA ROSA",ACCION SOCIAL,260,200
44,CAPITAL,Caritas Sucias (Nº 44),Bº PLACIDO MARTINEZ - Bonpland sec E casa 22,"VALLEJOS, RITA ISABEL",ACCION SOCIAL,70,120
46,CAPITAL,Com. Nuestra Sra. De Luján,Bº PONCE   RUTA 5 km.1 calle Romulo Arturo    Com. Nº 46,Marisa Beatriz Almirón,ACCION SOCIAL,160,160
48,CAPITAL,PUEBLITO BS.AS.,Bº PUEBLITO BS AS -Pje Olivos 4315,"LESCANO, VILMA",ACCION SOCIAL,100,100
49,CAPITAL,SAGRADA FAMILIA (Nº 49),Bº QUILMES - Zarate 3400,"López Miranda, Micaela Daiana",ACCION SOCIAL,270,115
50,CAPITAL,Capilla San José,Bº QUINTA FERRE ZACARIAS SANCHEZ S/N - Nº 50,"CORREA, ALFREDO SIMON",ACCION SOCIAL,180,70
51,CAPITAL,Centro Integral Cruz Roja,Bº QUINTA FERRE  Zacarías Sanchez 296           Nº 51,Claudia Beatriz Báez - Luis Vozza,ACCION SOCIAL,150,110
52,CAPITAL,SAGRADO CORAZON DE JESUS,Bº QUINTA FERRE  19 de Mayo y Rafael Obligado                     Nº 52,"DIAZ, ISABEL",ACCION SOCIAL,330,150
53,CAPITAL,C.C.I. Paranacito,Bº RIO PARANA  ALTA GRACIA Y CABO DE HORNO - Nº 53,"BERNIE, JOSE LUIS",ACCION SOCIAL,260,180
54,CAPITAL,ESPIRITU SANTO,"Bº SAMELA SUR, Ruta 5 Km 2,5","ESCOBAR, ALEJANDRO",ACCION SOCIAL,110,30
55,CAPITAL,Com. San Benito,Bº SAN BENITO      Entre Rios 2021             Nº 55,"GILES, ISABEL",ACCION SOCIAL,275,130
56,CAPITAL,CIDECO,Madariaga 288,"Silva, Noelia Soledad",ACCION SOCIAL,280,70
57,CAPITAL,San Marcos,"Bº SAN MARCOS, Maipú y Roque Pérez","SALINAS, RITA ANGELICA",ACCION SOCIAL,150,130
58,CAPITAL,Complejo Filadelfia (Nº 58),Bº SAN ANTONIO OESTE    Santa Catalina 4000               Nº 58,"Paré, María Gabriela",ACCION SOCIAL,100,90
59,CAPITAL,Pquia. Ntra. Sra.de Itatí,Bº SAN MARTIN  - Salta y Tte Ibañez            Nº 59,PADRE LEONARDO ENRIQUE GUEDES,ACCION SOCIAL,200,100
60,CAPITAL,Si Dios Quiere,Bº Cichero Roca y Río Paraná,"GAUNA, REIMUNDO",ACCION SOCIAL,80,80
61,CAPITAL,Santa Teresita,"Bº  SANTA TERESITA, Castelli 2082","ZABALA, OLGA",ACCION SOCIAL,250,110
62,CAPITAL,NTRA. SRA. DE LOURDES,"Bº SAPUCAY, Ruta 5 Km 7 Mz I Lote 1 calle San Bernardita y S. Pio X","ROMERO, LUCIANO",ACCION SOCIAL,190,
63,CAPITAL,Luz Verdadera,Bº SERANTES BORGES Y LORETO,"SAME, TOMASA",ACCION SOCIAL,340,210
64,CAPITAL,CAP. SAN PABLO (Nº 64),"Bº SANTA ROSA , Gral Paz 2002","AGUILAR, EDIT NOEMI",ACCION SOCIAL,50,
65,CAPITAL,UNIVERSITARIO,Bº UNIVERSITARIO . Malabia y Bustamante            Nº 65,"Cardozo, Ana Beatriz",ACCION SOCIAL,100,70
66,CAPITAL,STA. Ma. DE LOS POBRES,"Bº VILLA GARCIA, Pje. París 4087","ZARACHO, MIRTA",ACCION SOCIAL,250,120
68,CAPITAL,ESPERANZA,Bº ESPERANZA calle Lombardero 91viv. C 1 Mz M,"MARMILICH, ELSA",ACCION SOCIAL,320,
69,CAPITAL,CAPILLA  SANTA MARTA,Bº SANTA MARTA -J.R. Vidal 4100 - Nº 69,"ALEGRE, CLAUDIA DEL PILAR",ACCION SOCIAL,160,160
70,CAPITAL,IGLESIA BAUTISTA EVANGELICA REC.VIDA,B° Lomas del Mirador - Costanera Norte y Málaga,"Gómez, María",ACCION SOCIAL,140,
72,CAPITAL,Capilla San Ignacio de Loyola (Nº 72),Bª LOMAS mza 6 lote 37,"CERDAN, CELESTINA",ACCION SOCIAL,80,
73,CAPITAL,Comedor Madre Maravilla,"Bº Quilmes, Hernandaria y Río Parana (DESCARGAR EN ALBERDI Nº 2792)","Silva, Gladis",ACCION SOCIAL,115,115
75,CAPITAL,Com. Hermana Cristina Rosa Mística,Bº La Olla  Avenida 200 y Calle Nueva     Nº 75,"VILLALBA, SUSANA DIONISIA",ACCION SOCIAL,270,280
77,CAPITAL,Iglesia San Cayetano,San Cayetano-S.Pquial Nº 77 RUTA 8 KM 5,"VALLEJOS, JULIO ANTONIO - Olivares Mercedes",ACCION SOCIAL,90,150
78,CAPITAL,SAN ROQUE OESTE Nº 78,"Bº SAN ROQUE OESTE, Rio Miriñay 2600","ACOSTA, SUSANA",ACCION SOCIAL,200,
79,CAPITAL,3 DE ABRIL,Barrio 3 de Abril - Cabo de Horno 3900,"Benitez, Cristina Mabel",ACCION SOCIAL,260,
80,CAPITAL,EL OBRERITO,"Bº SAN JOSE, Moreno 4598","OJEDA, MERCEDES - Belén Molina",ACCION SOCIAL,110,
81,CAPITAL,CABO DE HORNOS,Bº BAÑADO SUR - Cabo de Hornos 4000,"ALDERETE, PABLO ALFREDO",ACCION SOCIAL,70,
82,CAPITAL,DIVINO NIÑO,"BºCOLOMBIA GRANADERO, Chile entre Grla Paz y Pje Castellano","VERON, RAQUEL",ACCION SOCIAL,180,30
83,CAPITAL,POR UNA SONRISA II,Madariaga 3296,"RETAMOZO, ANTONIA",ACCION SOCIAL,40,
84,CAPITAL,SANTA CATALINA,Barrio Río Paraná - Mocoretá S/N,AMELIA FRETES,ASIST. LADR.,260,230
85,CAPITAL,GAUCHITO ANTONIO GIL,Bº Santa Marta - J. R. Vidal al 4100 (al lado de la capilla),"Romero, María Antonia",ASIST. LADR.,190,190
93,CAPITAL,Lucrecia Ríos,Bº GALVAN  SECTOR B CASA 10 Nº 93,"BLANCO, RAMON ANDRES - García Lidia",ACCION SOCIAL,80,60
94,CAPITAL,Escuela ERAGIA,Ruta 12 Km 1031,"Payes, Leopoldo José",ACCION SOCIAL,170,40
95,CAPITAL,Virgen de los Dolores,Bº 17 DE AGOSTO  Calle: Verona Nº 5570,"Torres, Catalina Dolores",ACCION SOCIAL,200,40
96,CAPITAL,Pquia Santa Catalina de Alejandria,Bº DR. MONTAÑA  Florencio Varela Nº 5772,"Almeida, Fernando",ACCION SOCIAL,50,
98,CAPITAL,Santa Rita,Bº Santa Rita Norte mza 23 lote 8 avenida Centenario S/N,"Zalazar, Lucio - Pereira Zunilda",ACCION SOCIAL,180,100
99,CAPITAL,PUÑO Y SUDOR (LADRILLEROS),Barrio Ex Coca Cola - C. de Horno 3900,"González, Zulema",ASIST. LADR.,130,130
100,CAPITAL,MENDOZA AL SUR,Barrio 3 de Abril- Mendoza al Sur S/N (frente a Cancha Coca Cola),"Acuña, Daniela",ASIST. LADR.,130,130
101,CAPITAL,Corazón Contento,Bº Patono 126 Vdas. Casa 107 (Calle Argentina),"Ríos, Isabel",ACCION SOCIAL,50,40
102,CAPITAL,Mi Bello Ángel Edgardo Gastón Benítez,Bº Galván II-Sc 2 Casa 9,"Zarza, Walter Darío",ACCION SOCIAL,50,40
103,CAPITAL,Comedor San Expedito,Bº ASENTAMIENTO PATONO I - FACUNDO QUIROGA 967,Maximiliano Morales,ACCION SOCIAL,200,220
104,CAPITAL,Capilla Virgen de Itatí (Nº 21),Barrio Irupé - Tacuarí y Cartagena,"Medina, María",MIN. y FLIA.,110,80
105,CAPITAL,Comedor Stella Maris,Bº Colombia Granaderos Sector 1 Casa 23 Mz. D,"Mayol, Mirta",ACCION SOCIAL,40,40
106,CAPITAL,Comedor Rincón de Luz y Doña Beba,Barrio 3 de Abril MZ. D Casa Nº 17 Grupo 21 Viv,Cinthia Capelli,ACCION SOCIAL,40,40
107,CAPITAL,C. D. BOSCO DOMINGO Y LAURA,Av. IV Centenario 3400 (Mendoza al Sur),"SERVETTI, JUAN RAMON",ACCION SOCIAL,60,100
108,CAPITAL,Comedor Pancita Llena,"Bº Virgen de los Dolores. Mz. 4. Casa 3, Calle Cabeza de Vaca","Villalba, Emilce",ACCION SOCIAL,40,40
109,CAPITAL,La Casa de mi Hermano,Maipú 129,Pastor Pujol,ACCION SOCIAL,40,35
111,CAPITAL,C.P.C. Paloma de la Paz,Bº Ongay - Valdepeña y Güemes,"Ferreyra, Karina",ACCION SOCIAL,,50
112,CAPITAL,Comedor Santa Catalina,Bº Lomas del Mirador - Zaragoza al 600,"Romero, Rogelio Ramón",ACCION SOCIAL,20,40
113,CAPITAL,Comedor San Martín de Porres,Santiago del Estero Nº 353 esquina Juncal.,"Lencinas, Francisco",ACCION SOCIAL,20,20
114,CAPITAL,Comedor Fundación Animar,B° Cacique Canindeyú - Goya N° 20,"Catougno, Analía",ACCION SOCIAL,40,40
115,CAPITAL,Comedor Pequeño Milagro,"Bº Bañado Sur, por calle Dr. Leloir MZ. 10 lote 17",Olegaria Orrego,ACCION SOCIAL,40,40
116,CAPITAL,Comedor Pancita Feliz,José María Rolón 2356,"Pereyra, Norma Angéli",ACCION SOCIAL,20,20
117,CAPITAL,Comedor Papa Francisco,"Bº Bañado Norte Calle Colombia 86, Mz 9 Lote","Silva, Ramona",ACCION SOCIAL,40,40
118,CAPITAL,Comedor Los Niños por una Sonrisa,Bº Galván II MZ F 3 Casa 15,"Villafañe Yedro, Analía Natalia",ACCION SOCIAL,30,30
119,CAPITAL,Comedor Barriguita Feliz,Bº Sargento Cabral - Calle Irala Nº 2470,"Rabez, Elcira Elizabet",ACCION SOCIAL,30,30
120,CAPITAL,"Comedor y merendero "" Sol""",Bº Arazaty - Gral Paz Nº 120,"Sánchez, Romina Belén",ACCION SOCIAL,50,50
121,CAPITAL,"Comedor y merendero ""Mamá Ata""",Bº Progreso - Matheu Nº 2738,"López, Susana Elizabeth",ACCION SOCIAL,30,30
122,CAPITAL,Grupo de Pastores UPCC,237 Vdas Sector A Casa 62 (calle Argentina y Bonastre),"Valenzuela, Ricardo",ACCION SOCIAL,60,60
123,CAPITAL,Comedor Mi Refugio,B° Virgen de los dolores - Gutnisky N° 3040,"Lugo, Estela Graciela",ACCION SOCIAL,40,40
124,CAPITAL,Comedor Neneco,Pasaje Lujambio Nº 180,"Romero, Alejandra Karina",ACCION SOCIAL,40,30
125,CAPITAL,Comedor Ntra. Señora de Itatí,PIZARRO 3400,"Falcón, Gladis Itatí",ACCION SOCIAL,40,40
126,CAPITAL,FUNDACION UNIDOS,Barrio Quintana - Héroes de Malvinas al 5000,"Romero, Eva",MOV. SOC.,"1,800",1200
127,CAPITAL,Organización Social Libres del Sur,Rodríguez Peña 2274,Castellari,MOV. SOC.,"1,590",1210
128,CAPITAL,MTL,Bº Alta Gracia Manz. 52 Casa 16,"ZALAZAR, ANA MARIA",MOV. SOC.,400,465
129,CAPITAL,María Conti (CCC),Bº Ongay - Valdepeña y Güemes,Mambrin Carmen,ACCION SOCIAL,240,240
130,CAPITAL,Ñanderete Mitaicito FTV,Bº La Tosquera - Río Paraná Cabo de Hornos y Canteros (a 1/2 cuadra de la Comisaría Nº 15),"BARRIOS, CLAUDIA ITATI",MOV. SOC.,,300
131,CAPITAL,Iglesia de Jesucristo,San Juan Nº 2500,"Godoy, Miriam Belén",MIN. y FLIA.,40,45
132,CAPITAL,ASOCIACIÓN CORRENTINA CRUZ DE LOS MILAGROS,ALBERDI 2323,"SAEZ, JAVIER",MOV. SOC.,,198
133,CAPITAL,MOVIMIENTOS PASTORALES UNIDOS POR CORRIENTES,Bº PIRAYUÍ - CUBA 5428,PASTOR OLIVERA,MOV. PAST.,,2100
134,CAPITAL,Movimiento Obrero,J.R. Vidal Nº 2688,Jesica Itatí Lorenza Salvani,ACCION SOCIAL,40,40
135,CAPITAL,Organización Conciencia Popular,Bº Molina Punta – Calle Pasionaria y Río Dulce,Ivana Medina,MOV. SOC.,30,50
136,CAPITAL,Movimiento MIDJ,Bº Lomas – Ruta 5 Km 1 (entrada frente a la YPF Pacheco),Roxana Cardozo,MOV. SOC.,50,30
137,CAPITAL,BARRIO SOL DE MAYO,20 de Mayo al 100,"Ruíz Díaz, Miguel",ASIST. LADR.,100,100
138,CAPITAL,BARRIO QUINTA FERRE,Bº Pujol - Mz 11 / Casa 4 / Calle 24 de Agosto,"López, Ramón",ASIST. LADR.,100,100
139,CAPITAL,BARRIO ZONA SUR 2 - BAHÍA DEL SOL,Entre Bahía del Sol y Molina Punta - Calle 8 de Diciembre,"Robledo, Ramón",ASIST. LADR.,100,100
140,CAPITAL,BARRIO ESPERANZA,Mario J. Payes S/N (Frente al PRI),"Romero, Raúl",ASIST. LADR.,100,100
141,CAPITAL,BARRIO LOMAS DEL MIRADOR,Granada al 600,"De los Santos, Nicolás",ASIST. LADR.,100,100
142,CAPITAL,BARRIO ZONA SUR 1 - LA TOSQUERA,Bº Río Paraná - Cabo de Hornos al fondo (Tanque),"Aguirre, Sandra",ASIST. LADR.,100,100
143,CAPITAL,LOMAS DEL MIRADOR,Bº Lomas del Mirador Seca del Puente Verde,"Soto, Oscar",ASIST. LADR.,100,100
144,Riachuelo,La Gurisada,Km. 34 / Rta. 12 - El Sombrero (Empedrado),Graciela González,ACCION SOCIAL,150,50
145,Riachuelo,Fruto Verde,Riachuelo - 11 Leones (Zona Rural),Sandra Correa,ACCION SOCIAL,50,50
146,Riachuelo,Riachuelo (Nº 76),Riachuelo - 11 Leones / Cuarta Sección - Domínguez Marta D.N.I. Nº: 21.870.412.,Marta Dominguez,ACCION SOCIAL,65,85
147,Santa Ana,Merendero Medalla Milagrosa (Pamela Barrios),Barrio Santa Ana,Pamela Barrios,ACCION SOCIAL,30,80
148,Riachuelo,G - Los Chiquilines,Riachuelo Pueblo Echazarreta 103 - Dpto. de Empedrado,Lidia Esther Villan,ACCION SOCIAL,135,40
149,Riachuelo,Jesús Misericordioso (Nº 73),Riachuelo - Rincón Roa Fopar,Claudia Roa,ACCION SOCIAL,50,50
150,Riachuelo,Santa Margarita,"Riachuelo - Barrio Sta. Margarita, Los Lapachos",Celia Beatriz Maidana,ACCION SOCIAL,120,110
151,San Luis del Palmar,Delegación Acción Social S.L.P.,Rivadavia y H. Amarilla,Marta Roa y Elsa Viviana Pavón,ACCION SOCIAL,330,110
152,San Luis del Palmar,Primera Sección - San Luis del Palmar,SAN LUIS DEL PALMAR,Nelida Aguirre,ACCION SOCIAL,80,
153,Bella Vista,C.I.C. de la localidad de Bella Vista,25 de Mayo casi Charcas S/N,Carolina Zalazar,ACCION SOCIAL,100,
154,Bella Vista,Liga Bellavistense de Fútbol (Para 8 Clubes),Sucre y Montevideo - Bella Vista,Juan Insaurralde,ACCION SOCIAL,,250
155,Berón de Astrada,Casita Verde (B. de Astrada),25 de Mayo s/n frente a la Plaza,Hugo Daniel Cerdan,ACCION SOCIAL,30,
156,Tabay,Merendero Carita Feliz,"Bº San Martín, bajar por Ruta Nac. 118 km 48 (2º Entrada a Tabay - Ermita de la Virgen de Luján - Galpones verdes de Coqui Palacio) Zunilda Palacio",Zunilda Palacio,ACCION SOCIAL,,40
157,Tabay,Merendero Rayo de Luz,Ruta Nac. 118 km 49 (cerca Esc. Nº 211 - Adolfo Alvarez,Andrea Edith Sanchez,ACCION SOCIAL,,50
158,Santa Rosa,Comedor Capilla San Cayetano,Juan Bautista Cabral 045,Marcelo Otazo - Lourdes Pereyra,ACCION SOCIAL,50,50
159,Curuzú Cuatiá,C.I.C. Curuzú Cuatiá,Sarmiento y Deán Funes,Rosana Giroto,ACCION SOCIAL,100,270
160,Curuzú Cuatiá,Club Atlético Santa Rosa,Gral. Ramírez N° 832,Ariel Vallejos,ACCION SOCIAL,30,130
161,Curuzú Cuatiá,Liga de Fútbol Gral. Belgrano,Caá Guazú 500 (Dirección de Deportes) Terminal de Ómnibus,Manuel Urdapilleta,ACCION SOCIAL,,120
162,Perugorría,Delegación Desarrollo Social de Perugorría,Pedro Nolasco S/N,Eliana Gimena López,ACCION SOCIAL,,40
163,Derqui,Comedor Manuel Derqui,RUTA PROV. 35,Catalina Cáceres,ACCION SOCIAL,40,40
164,Empedrado,Asoc. de Malloneros San Expedito (Tomasa Franco),Belgrano 750,Tomasa Franco,ACCION SOCIAL,60,60
165,Empedrado,Cañada Quiróz II - Gruta de la Virgen,Av. Alejo Rueda - Gruta de la Virgen,Estela Godoy,ACCION SOCIAL,,60
166,Empedrado,Iglesia Asamblea de Dios-Templo Filadelfia,Santiago del Estero 710,Lidia Leañez,ACCION SOCIAL,,40
167,Esquina,Liga Esquinense de Fútbol (Para 6 Clubes),Hipólito Yrigoyen S/N (a continuación de la calle Sarmiento),Carril Carlos,ACCION SOCIAL,,190
168,Esquina,Merendero Don Juan,B° La Providencia. Esquina,Zulma Vallejos,ACCION SOCIAL,,20
169,Caá Catí,Centro de entrega Avivamiento Cristiano de Caá Catí,Av. David Martinez S/N entre Gervasio Blanco Hijo y Calle Itatí,Mariel Mendez,ACCION SOCIAL,40,40
170,General Paz,Iglesia Evangelista de Jesus Nombre sin igual,Joaquín Madariaga S/N - Loc. de Palmar Grande (Carmen Alvarenga),3795-347363,ACCION SOCIAL,80,
171,Itá Ibaté,Club Rana Itá Ibaté,Berón de Astrada entre 9 de julio y Alberdi,José Luis Rodriguez,ACCION SOCIAL,,32
172,Itá Ibaté,Corazón Contento de Arenruguá,Urquiza 1165 (ingresar por calle Alberdi),Esther Bramante,ACCION SOCIAL,70,70
173,Lavalle,Comedor Mirta Centurión,Mons. D`Andrea 132,Valeria Pintos,ACCION SOCIAL,100,
174,Goya,Comedor San Cayetano,Tucumán y Pujol,Beatriz Lopez,ACCION SOCIAL,100,130
175,Goya,Congregación Cristiana,Bartolomé Mitre 1337,Marcelo Javier Fernández,ACCION SOCIAL,,255
176,Goya,Liga Goyana de Fútbol (Para 7 Clubes),Av. Sarmiento 60,JUANCY MARQUEZ,ACCION SOCIAL,880,1050
177,Goya,Municipalidad de Goya,Municipalidad,JUANCY MARQUEZ,ACCION SOCIAL,15,20
178,Goya,Goya,Bº Estrella del Sur Mz C C.22,LEMOS SILVIA,ACCION SOCIAL,50,
179,Goya,Movimiento Libre del Sur,Barrio Belgrano Mz G Casa 1,"Ocampo, Miriam Matilde",ACCION SOCIAL,60,30
180,Itatí,Basilica de Itatí,Monseñor Luis Niella 340,Porfirio Ramirez,ACCION SOCIAL,300,100
181,Itatí,C.I.C. Dr. René Favaloro,Bº Avá Rapé e/ Villegas y 7 de Diciembre - Norberto Ramírez,Mirian Lugo,ACCION SOCIAL,45,80
182,Itatí,Comedor Nueva Esperanza,25 de Mayo 480. Analía Ramírez,Darío González,ACCION SOCIAL,30,35
183,San Carlos,ONG RED MUNDIAL,Bº Entel - Alberdi s/n -  Casa Nº 8 e/ Pedro Mola y 9 de Julio,Marta Ifran,ACCION SOCIAL,20,20
184,Ituzaingó,Asociación Hogar de Niños Filadelfia,Ruta 12 km 1275 Luis Alberto Santibañez,Irma Esther Marzoratti,ACCION SOCIAL,60,90
185,Ituzaingó,CADI ITUZAINGÓ,CALLE M 14 B° MIL VIV.,Natalia Malavé,ACCION SOCIAL,,40
186,Ituzaingó,Comedor Denis Ituzaingo,Bº Paraná - Calle Madariaga y Mendoza.,Silvia Belarde,ACCION SOCIAL,40,40
187,Ituzaingó,Isla Apipé Grande San Antonio,Isla Apipé Gde. San Antonio,Dolores Toledo,ACCION SOCIAL,100,15
188,Ituzaingó,Liga Ituzaingueña de Fútbol (para 6 clubes),ITUZAINGÓ CTES.,Walter Gómez,ACCION SOCIAL,,150
189,Gob. Martínez,Comedor Eyú Karú Porá,Av. San Martín (dentro del predio de Estación Sanitaria) Ana Galván / Graciela Insaurralde),Ana Galván /  Graciela Insaurralde,ACCION SOCIAL,25,25
190,Gob. Martínez,"Espacio de Primera Infancia (EPI) ""Dulces Sueños",I.M. Lopez y Gral. Belgrano,Valeria Pérez / Ivana Barbona,ACCION SOCIAL,15,
191,Gob. Martínez,"Merendero ""Ministerio, Poder y Potencia de Dios""",Libertad e I. M. de López,Silvana López,ACCION SOCIAL,,80
192,Lavalle,Asociación Civil Barrio San Antonio,Chacabuco y Sgto. Cabral - Andrea Ganduya,Valeria Aguirre,ACCION SOCIAL,50,50
193,Lavalle,Comedor Vecinos Paraje,La Loma,Verónica Ruiz Diaz,ACCION SOCIAL,55,
194,Santa Lucía,Delegación Desarrollo Social (Santa Lucía),Plácido Martínez y Colón - César Heine,César Heine,ACCION SOCIAL,95,50
195,Santa Lucía,"Fundación ""Pequeños Pasos""",Sarmiento 274 - Santa Lucia,3777-832080,ACCION SOCIAL,,50
196,Santa Lucía,Merendero Santa Catalina,Bº Santa Catalina - Cruz Mayor S/N,Susana Fernández,ACCION SOCIAL,,40
197,Mburucuyá,"Juan Pablo II ""Mburucuyá""",Caá Catí 348 entre Belgrano y Moreno - Dpto. de Mburucuyá,Soledad Aquere,ACCION SOCIAL,30,
198,Mburucuyá,Madres de Mburucuyá,J.J.Silva y Lamadrid - Sr. Guastavino,Ramona Isabel Alvarez,ACCION SOCIAL,80,80
199,Mercedes,CPM Nueva Semilla,Beltrán 612,Claudia Elías,ACCION SOCIAL,50,60
200,Mercedes,Liga Mercedeña de Fútbol  (Para 12 Clubes),Alfredo Ferreyra y Yataí,Víctor Gerardo Fernández,ACCION SOCIAL,,445
201,Monte Caseros,C.I.C. Sec. Des. Humano Monte Caseros (ex Liga),El Maestro y Belgrano (Monte Caseros) (Cel. 3775404246),Claudia Alvarez,ACCION SOCIAL,,220
202,Paso de los Libres,Delegacion de Paso de los Libres,Félix María Gómez y A. Rojas (al lado Comisaria 3º),Matias Velasco,ACCION SOCIAL,100,100
203,Paso de los Libres,Comedor Infantil Paso de Libres,Pje.Castro 1675 - Paso de los Libres,Andre Fernandez,ACCION SOCIAL,50,
204,Paso de los Libres,Fund. de Encuen. para el Desarrollo Integral,B° Facundo Quiroga Mz A Casa 13 y Av 2 de abril,Perez Ramon Armando,ACCION SOCIAL,60,60
205,Paso de los Libres,Liga Libreña de Fútbol - Deleg. Secr. de Des. Humano,Belgrano y Coronel Regera,Javier Vallejos,ACCION SOCIAL,,390
206,Tapebicuá,Comedor Doña China,Biblioteca Popular Ramón Barboza,ANTONIO BARBOZA,ACCION SOCIAL,80,80
207,Paso de la Patria,"Merendero ""Congregación Cristiana"" - Paso de la Patria",Rivadavia e/Salta y Bs.As. - Paso de la Patria,Gustavo Sanchez,ACCION SOCIAL,75,
208,San Cosme,Nueva Esperanza,CIC Bº Matadero (Jimena Vallejos),Jimena Vallejos,ACCION SOCIAL,,45
209,Loreto,Asociación Civil Juventud Loretana,25 de mayo S/N,Orlando Maidana,ACCION SOCIAL,50,150
210,Loreto,"Merendero ""Angel Fermisito""",Julián González 449 B° Centro,Gisela Rodríguez,ACCION SOCIAL,10,30
211,Cnia. El Caimán,Asociación Civil Club Social y Deportivo Gaucho Gil,Cnia. El Caimán Ruta Nac. 118 km 116 (cabina de teléfono),Sergio Miño,ACCION SOCIAL,,70
212,El Caimán,Casita Verde,"Ruta Nacional Nº 118, Km 115,5",Pedro Vega,ACCION SOCIAL,,80
213,Loreto,Iglesia Renacer,Bartolomé Mitre y Salta s/n,Alfonzo Walter / Alegre Carina,ACCION SOCIAL,,40
214,San Miguel,Centro Integral Municipal Sagrado Corazón,Sarmiento s/n,Mario Rodríguez,ACCION SOCIAL,,20
215,San Miguel,Fundación Colibrí Iberá,AV. SAN MARTIN S/N.,ANA FIGUEROA,ACCION SOCIAL,,20
217,San Roque,Comedor Vecinos Barrio 30 Viviendas y Ayuda mutua,30 VIV Y AYUDA MUTUA,,ACCION SOCIAL,,45
218,San Roque,MERENDERO ANGEL DE LA GUARDA,Bº ARROYITO - BERON DE ASTRADA 820,SOTELO ZUNILDA ISABEL,ACCION SOCIAL,20,20
219,Gob. Virasoro,Comedor Manito Solidaria,Bº CESAREO NAVAJAS CALLE ARTURO ILLIA 1497 - CACERES NOELIA NORALI ,Stefi Ifran,ACCION SOCIAL,70,
220,Gob. Virasoro,Liga Virasoro de Fútbol (Para 8 Clubes),Robert Shumtin e Hipólito Irigoyen,Mario Godoy,ACCION SOCIAL,,180
221,Gob. Virasoro,Merendero Los Gurises de Virasoro,B° Belgrano Mz 133 calle Juan Curi entre Remedio de Escalada y Manuel Ocampo,37José Luis Aquino,ACCION SOCIAL,,60
222,Gob. Virasoro,Merendero Los Ñanducitos,B° Vuelta del Ombú - Héroes de Malvinas Tomás Polonio Ávalos,Jorge Terrile,ACCION SOCIAL,,30
223,Santo Tomé,Asociación Argentina Misionera,Iglesia de Dios,,ACCION SOCIAL,40,40
224,Santo Tomé,Delegación de Desarrollo Social Santo Tomé,Hipólito Yrigoyen 876,Augusto Suaid,ACCION SOCIAL,50,50
225,Santo Tomé,Liga Santotomeña de Fútbol (para 13 clubes),Brasil y C. Pellegrini,Kevin Quiróz,ACCION SOCIAL,,80
F-01,CAPITAL,"C.P.M. Nº 2 ""Anahí""",Barrio Anahí - Cristo Obrero al 300,LUISA CABRERA,MIN. y FLIA.,70,60
F-02,CAPITAL,J.M. Grillito Saltarin,Gutenberg e/Rafaela e Iberá,"Romero, Claudia",MIN. y FLIA.,90,110
F-03,CAPITAL,J.M. Mamita,Mendoza 2071,"Vallejos, Teresita",MIN. y FLIA.,80,110
F-04,CAPITAL,J.M. Tamborcito Tacuarí,Pirovano 1900,Flores Morel Lorena,MIN. y FLIA.,50,65
F-05,CAPITAL,"J.M. ""Mi Dulce Bebe""",Barrio 9 de Julio - 70 Viv. / Mz.216 / Casa 74,"Zibelman, Laura",MIN. y FLIA.,40,50
F-06,CAPITAL,J.M. Semillita,Rta 12 / Km 8 / Bº San Francisco,Gimenez Yoana Marisol,MIN. y FLIA.,40,40
F-07,CAPITAL,"J.M. ""Ñanderoga""",Barrio 17 de Agosto - C.Corrent. y Artaza,"Acevedo, Alicia",MIN. y FLIA.,110,100
F-08,CAPITAL,J.M. Padre Mujica,Pje.Saenz 1370 Esq.Moreno,MANCEDO ROXANA SILVIA,MIN. y FLIA.,110,75
F-09,CAPITAL,J.M. Mis Ositos,Bº F. J. Quintana (CAPS Nº 11),"Azula, Mirta Alejandra",MIN. y FLIA.,70,65
F-10,CAPITAL,"J.M. ""Niño Feliz""",Barrio Laguna Seca - Haway y Resoagli,"Benitez, Monica",MIN. y FLIA.,70,110
F-100,Gob. Virasoro,J.M. Pequeño Mundo,Barrio Unión Sepac - Virasoro,AMELIA ITATI BRUM.,MIN. Y FLIA.,,80
F-101,Bella Vista,J.M. Sagrado Corazón de Jesús,Bº Los Pinos,Fany Rolon,MIN. Y FLIA.,60,90
F-102,Curuzú Cuatiá,J.M. Semillitas,Gobernador Gómez 835 (detrás de la Terminal),Martinez Silvia Noemi,MIN. Y FLIA.,85,90
F-103,San Luis del Palmar,Lomas de González,SAN LUIS DEL PALMAR,Rocio Gomez,MIN. Y FLIA.,20,
F-104,Loreto,Parroquia Nuestra Señora de Loreto,Sabes Gallardo S/N  - Loreto,Garcia Cinthya,MIN. Y FLIA.,50,40
F-105,San Luis del Palmar,Rincón Navarro,SAN LUIS DEL PALMAR,Sonia Acuña,MIN. Y FLIA.,20,
F-106,Esquina,Sociedad Protectora de la Infancia,Sarmiento 485,Luisa Bernasconi,MIN. Y FLIA.,,70
F-11,CAPITAL,"J.M. ""Mamá Margarita""",Catamarca 1260,"Yufimchuk, Carmen",MIN. y FLIA.,150,160
F-12,CAPITAL,J.M. Anahí,Mendoza 2780 - Capital,"Monzón, Veronica",MIN. y FLIA.,,60
F-13,CAPITAL,"C.I.P.I. Nº 3 ""Mi Pequeño Hogar""",Barrio 3 de Abril - 22 Viv. / Casa 3,"Fontela, María de los Ángeles",MIN. y FLIA.,40,40
F-14,CAPITAL,J.M. Aventuras en Pañal,Barrio Molina Punta - Las Margaritas S/N,"Marin, Clelia Ester",MIN. y FLIA.,80,70
F-15,CAPITAL,"Centro de Día ""Corazón de Niño""",Hernán Cortez 331,"Miranda, Catalina Antonia",MIN. y FLIA.,40,70
F-16,CAPITAL,"C.P.M. Nº 10 ""Jorge Mierez""",Barrio Esperanza - Inst. Nº 10 Jorge Mierez,"Cabrera, Luisa Valentina",MIN. y FLIA.,70,80
F-17,CAPITAL,"J.M. ""Ara Porá""",Av. El Maestro e Iberá,"Romero, Nancy",MIN. y FLIA.,,120
F-18,CAPITAL,J.M. Rayito de Luz,"BÂº Dr. Nicolini, Av. Cosquin",Sanchez Andrea Edith,MIN. y FLIA.,,90
F-19,CAPITAL,J.M. San Juancito,Bº Laguna Brava,"Billordo, Mariel",MIN. y FLIA.,90,60
F-20,CAPITAL,Centro Solidario San Jorge,Av. J. D. Perón y Turán (CAPS 9),BERTHA DE DAITTE,MIN. y FLIA.,,30
F-21,CAPITAL,"C.P.M. Nº 4 ""San Marcos""",Capilla San Marcos (Hernán Cortéz 331),CATALINA MIRANDA,MIN. y FLIA.,,40
F-22,CAPITAL,C.D.I. San Jorge,Bº Laguna Seca - Medrano S/N,"Zelaya, Sandra",MIN. y FLIA.,100,90
F-23,CAPITAL,J.M. Rosa Guarú,3 de Abril 225 y Padre Borgatti (al lado de la penitenciaria),"Mersch, Raquel",MIN. y FLIA.,,90
F-24,Goya,Albergue Juvenil Hogar Rural,Mariano I. Loza S/N - Goya,Raimundi Gladis,MIN. Y FLIA.,80,90
F-25,Mercedes,APADEM (Asoc. Padres y Amigos del Discap. Mental),Sarmiento 256,Diana Patricia Martínez,MIN. Y FLIA.,40,50
F-26,Loreto,Asociación Centro de Discapacitados,Mitre 840 / Loreto,Miriam Beatriz Medina,MIN. Y FLIA.,45,35
F-27,San Miguel,C.C.I. Virgen de Itatí­,Remigio Fernández y Bension Pischik,3781-490095 Noelia Salazar,MIN. Y FLIA.,50,40
F-28,Paso de los Libres,"C.I.P.I. Nº 1 ""Ardillitas""",Barrio Doctor Paiva,Duarte Churrua Daniela,MIN. Y FLIA.,,70
F-29,Santa Rosa,"C.I.P.I. Nº 4 ""Maria de Nazareth""",Detrás de la Intendencia de Santa Rosa,Vanina Pavón,MIN. Y FLIA.,45,60
F-30,Alvear,C.P.F. Nº 1 San Jose Obrero,Larrea y Suipacha,Nora Ester Segovia,MIN. Y FLIA.,60,75
F-31,San Luis del Palmar,"C.P.M. N° 18 ""San Luisito""",Mitre y Berón de Astrada - H.A. San Luisito,Ayelen Fernandez,MIN. Y FLIA.,85,80
F-32,Bella Vista,C.P.M. Nº 11 Gurisito Costero,"Belgrano y Costanera Zona Ribereña, El Carrizal",Erika Carrasco,MIN. Y FLIA.,115,110
F-33,La Cruz,"C.P.M. Nº 12 ""Nuestra Señora de Fátima""",Barrio Centenario - La Cruz,Duarte Liliana,MIN. Y FLIA.,60,60
F-34,Paso de los Libres,"C.P.M. Nº 13 ""Nuestra Señora de la Merced""",Barrio La Merced,Legazpia Raul Antonio,MIN. Y FLIA.,,70
F-35,Villa Olivari,C.P.M. Nº 15 Ñangarecó Porá,3 de Abril y Perú,Ramona Galeano,MIN. Y FLIA.,,100
F-36,Mercedes,"C.P.M. Nº 16 ""Sagrado Corazón de Jesús""",B° San Antonio - Benedicta Medina Chacra N° 41,Valeria Pauli,MIN. Y FLIA.,50,60
F-37,San Miguel,"C.P.M. Nº 17 ""San Miguelito""",Albergue Deportivo,Veronica Edith Damasco,MIN. Y FLIA.,,50
F-38,Empedrado,C.P.M. Nº 19 Niños Felices Anexo CIPI N° 6 Perlita,Belgrano 1960,Mónica Ortiz,MIN. Y FLIA.,,90
F-39,Caá Catí,C.P.M. Nº 20 Mi Esperanza,Ex Estación de Ferrocarril,Berenice Cáceres,MIN. Y FLIA.,51,60
F-40,Villa Olivari,"C.P.M. Nº 21 ""Mita Ñangareko - Ha""",Ruta N°12 Villa Olivari - Ituzaingó,Paola salinas,MIN. Y FLIA.,70,70
F-41,Berón de Astrada,C.P.M. Nº 22 Pago Redondo,Ex Mercado de Abasto,Celida Noemí Voulquin,MIN. Y FLIA.,35,60
F-42,San Roque,"C.P.M. Nº 23 ""Pomberito"" (Anexo C.I.P.I. Nº 7 ""Topo Gigio"")",Ex Mercado de Abasto,Liseth Penzo,MIN. Y FLIA.,90,80
F-43,Gob. Virasoro,"C.P.M. Nº 24 ""Senderito de Luz""",Barrio 81 Viviendas,,MIN. Y FLIA.,,60
F-44,Goya,"C.P.M. Nº 25 ""Arco Iris""",Barrio Sarmiento - Goya,Elizabeth Ayala,MIN. Y FLIA.,,80
F-45,Mercedes,"C.P.M. Nº 27 ""Santa Rita""",Pago Largo 1039,Jessica de Lucca,MIN. Y FLIA.,50,60
F-46,Goya,"C.P.M. Nº 29 ""Chamiguitos""",Barrio Costas Las Rosas - Goya,Melina Belén Tones,MIN. Y FLIA.,,70
F-47,Itatí,"C.P.M. Nº 3 ""Cambacito""",25 de Mayo S/N (Al lado de Estación Terminal),Cynthya Elisabet Umbert,MIN. Y FLIA.,,35
F-48,Chavarría,C.P.M. Nº 30 San Pedro,Club Marco Paz - Chavarria,Nilda Araceli Porcel,MIN. Y FLIA.,65,60
F-49,Esquina,"C.P.M. Nº 32 ""Santa Rita""",Barrio San Fernando - Los Ceibos S/N,Ana Isabel Rojo,MIN. Y FLIA.,,65
F-50,9 de Julio,C.P.M. Nº 33 Angel de la Guarda,San Martín y Berón de Astrada - 9 de Julio,Pabla Gutierrez,MIN. Y FLIA.,,70
F-51,Esquina,"C.P.M. Nº 5 ""Niño Jesús""",Bº Mancini - Los Sauces 1920 (detrás de la cancha San Martin),Lucrecia Martinez,MIN. Y FLIA.,,40
F-52,Santo Tomé,"C.P.M. Nº 6 ""Virgen de Itatí"" Anexo CIPI Nº 7 Pinocho","Barrio Hormiguero, ex Escuela Redonda",VIGNOLE ZENOVIA,MIN. Y FLIA.,,65
F-53,Paso de los Libres,"C.P.M. Nº 7 ""Mitaí""",Barrio Capilla Sagrado Corazón,Acuña Mariana Ayelen,MIN. Y FLIA.,,90
F-54,Paso de los Libres,"C.P.M. Nº 8 ""Cruz de Los Milagros""",Barrio Cruz de Los Milagros,Gordillo Walter Adrian,MIN. Y FLIA.,,70
F-55,Paso de los Libres,"C.P.M. Nº 9 ""Santa María""",Ferreyra S/N,Niveyro Silvio Antonio,MIN. Y FLIA.,,80
F-56,Goya,"Centro de Día ""Días Felices""",Av. España 875 - Goya,María Maciel,MIN. Y FLIA.,,40
F-57,Saladas,"Centro de Día ""Ñanderoga""",Florida 1147,Miriam Romero,MIN. Y FLIA.,,50
F-58,Esquina,"Centro de Día ""Solcito""",Marcelino Dávila S/N (entre Rta. 12 y los Ceibos),Jennifer Borda,MIN. Y FLIA.,,60
F-59,Paso de los Libres,"Centro de Día ""Un Niño me Llama""",Mitre 1150,Depacce Genaro,MIN. Y FLIA.,,40
F-60,9 de Julio,Centro de Protección al Menor,LOC. 9 DE JULIO,,MIN. Y FLIA.,,25
F-61,Lavalle,Centro Laura Vicuña,LOC. DE LAVALLE,Mirta Gómez,MIN. Y FLIA.,70,
F-62,Concepción,Centro Nº 3 Virgen de Itatí,Calle Curupy y San Martin- Colonia Tatacuá - (Cel. 3794075879 - Fernández),Carolina Fernández,MIN. Y FLIA.,150,
F-63,Esquina,"Centro Obispo ""Alberto Devoto"" (Esquina)",B° San Antonio - Noain Ortigóza S/N (al lado de la Capilla San Antonio),Ariel Grenat,MIN. Y FLIA.,,100
F-64,Bella Vista,Cong. Cristiana B. Vista,"Belgrano y Costanera Zona Ribereña, El Carrizal",Graciela Lujan Gek,MIN. Y FLIA.,60,
F-65,Curuzú Cuatiá,H.A. Adelina B. de Ezcurra,Av. España 244,Carmen Marticorena,MIN. Y FLIA.,30,70
F-66,Monte Caseros,H.A. Casa Bienestar del Anciano,Eva Duarte de Perón 333,Soraya Cusinato,MIN. Y FLIA.,30,50
F-67,Ituzaingó,H.A. Casita de los Abuelos,Calle Guzmán S/N  Ituzaingó,Tomasa Gauto,MIN. Y FLIA.,45,50
F-68,Santo Tomé,H.A. Dr. Roman Itoiz,Angel Blanco y Pueyrredón,José María Moraes,MIN. Y FLIA.,40,70
F-69,Mercedes,H.A. Florencia Nigthingale,Lacour 1123,Orlando Gómez (Director),MIN. Y FLIA.,60,90
F-70,Paso de los Libres,H.A. Gregoria M. de San Martín,Yatai 655 - Paso de los Libres,Pamela Niveyro,MIN. Y FLIA.,30,50
F-71,Gob. Virasoro,H.A. Madre Teresa,Barrio 128 Vdas. / Casa 2 - El Toro,Sonia,MIN. Y FLIA.,60,80
F-72,Bella Vista,H.A. Nuevo Amanecer,Estrada 66 - Bella Vista,Soto Sandra Leticia,MIN. Y FLIA.,25,30
F-73,Mantilla,H.A. Pedro José de Marchi,Pedro R. Fernandez S/N - Mantilla,Cinthia Torres,MIN. Y FLIA.,25,40
F-74,Mburucuyá,H.A. Ramón Añasco,Alberdi y Alsina,Maria Duarte,MIN. Y FLIA.,30,50
F-75,La Cruz,H.A. Roberto Grenni,Goya y Bartolomé Mitre - La Cruz - San Martin,Serpa Alejandra,MIN. Y FLIA.,50,40
F-76,Sauce,H.A. Sagrado Corazón de Jesús,Belgrano y San Martín,Ojeda Onelia,MIN. Y FLIA.,25,50
F-77,Loreto,H.A. San Benito,Jujuy 324 - Loreto,Norma Ramírez,MIN. Y FLIA.,20,25
F-78,Saladas,H.A. San José,Sargento Cabral 351 - Goya,María Raquel Ortiz,MIN. Y FLIA.,30,50
F-79,Goya,H.A. San José,Sargento Cabral 351 - Goya,María Raquel Ortiz,MIN. Y FLIA.,50,60
F-80,San Luis del Palmar,H.A. San Luisito,Mitre y Berón de Astrada,Angelica Aldavez,MIN. Y FLIA.,25,50
F-81,San Roque,H.A. San Roque de Montpellier,San Martin 1005,Lidia Baéz,MIN. Y FLIA.,40,60
F-82,Esquina,H.A. San Vicente de Paul (Esquina),Gbdor. Velazco 687,Silvia Ojeda,MIN. Y FLIA.,30,60
F-83,Santa Lucía,H.A. San Vicente de Paul (Santa Lucía),Berón de Astrada 444 (frente al cementerio),Norma Busellato,MIN. Y FLIA.,20,40
F-84,Empedrado,H.A. Teresa Faraone,Alsina y 9 de Julio,Teresa Coronel,MIN. Y FLIA.,30,75
F-85,Santo Tomé,H.N. San Francisco de Asís,Pje. Atalaya / Colonia Gobernador,,MIN. Y FLIA.,25,45
F-86,Mercedes,Institución Amas,Batalla de Salta 503,Norma Gómez de Ansola (Directora),MIN. Y FLIA.,,20
F-87,Goya,Instituto de Orientación Juvenil,"Km. 6, Frente al Aeropuerto",Analia Segovia,MIN. Y FLIA.,20,30
F-88,Goya,"J.M. ""Abuelo Justo""",Barrio 432 Viviendas,Laura Medina,MIN. Y FLIA.,,90
F-89,Monte Caseros,"J.M. ""Jesús de Nazareth""",Salta 102,ESTELA MARIS ROMERO,MIN. Y FLIA.,,30
F-90,Goya,"J.M. ""Mamá Perla""",Piragine Niveyro 730 - Goya,Belen Balestra,MIN. Y FLIA.,,100
F-91,Santa Lucía,J.M. Abuela Josefina,1000 Vdas. / Mz. B / Casa 7 - Santa Lucia,Mariangel Aquino,MIN. Y FLIA.,55,90
F-92,Concepción,J.M. Adela Feris de Romero,Independencia 547,Ramona Mercedes Cardozo,MIN. Y FLIA.,45,45
F-93,Paso de los Libres,J.M. Blancanieves,Mitre 975 - Paso de los Libres,Mouesca Silvina,MIN. Y FLIA.,,50
F-94,La Cruz,J.M. Centro Comunitario San Tarcisio,Barrio Unión 848 - La Cruz,Gabriela Hinchauspe,MIN. Y FLIA.,,30
F-95,Esquina,J.M. El Carmen,Serrano Soto 66,Nancy Martinez,MIN. Y FLIA.,,50
F-96,Curuzú Cuatiá,J.M. Mitaí Porá,Barrio 200 Viv. - Entre 16 de Noviembre e Isabel La Católica,Amalia Andrea Silva,MIN. Y FLIA.,80,80
F-97,Gob. Virasoro,J.M. Niño Rhupá,325 Viviendas - Virasoro,GLADYS ESTHER FERREYRA. 3756-447191.,MIN. Y FLIA.,,80
F-98,Mercedes,J.M. Niño Rhupá I,Yatai y A. J. Pereyra,María Fernanda Ganduglia,MIN. Y FLIA.,50,70
F-99,Mercedes,J.M. Niño Rhupá II,M.F. Mantilla 669 (Silvia Alezzandri),Silvia Alezzandri,MIN. Y FLIA.,,70
J-01,CAPITAL,Casa Preegreso Varones Miguel Magone,Santa Fe 1349,"Lafuente, Myriam",Mtrio. de Justicia,30,20
J-02,CAPITAL,Casa Madre Adol. Maria de Nazareth,Gutiérrez y Centeno,"Vanesa, Salica",Mtrio. de Justicia,20,20
J-03,CAPITAL,Casa Preegreso Mujeres Laura Vicuña,Gutiérrez y Centeno,VANESA SALICA,Mtrio. de Justicia,40,35
J-04,CAPITAL,Hogar Domingo Savio,Buenos Aires 1338,"García, Miguelina",Mtrio. de Justicia,50,40
J-05,CAPITAL,Hogar Sagrado Corazón,25 de Mayo 2555,Hna. Antonella Maciel,Mtrio. de Justicia,90,60
J-06,CAPITAL,Hogar Misericordia,Buenos Aires 796,Sor. Margarita Arque,Mtrio. de Justicia,100,90
J-07,CAPITAL,Hogar Tía Amanda,Gutenberg y Arequipa,Yanina- directora,Mtrio. de Justicia,60,60
J-08,CAPITAL,Hogar Madre Teresa,Castor de Leon S/N,"Romero, Ramón",Mtrio. de Justicia,20,20
J-09,Sauce,H.N. San Benito,Bartolomé Mitre S/N,,Mtrio. de Justicia,,50
J-10,Goya,H.N. San Vicente de Paul,Sargento Cabral 351 - Goya,Julieta Gómez Muñoz,Mtrio. de Justicia,45,50
J-11,Gob. Virasoro,H.T. Santa Teresita,Barrio 40 Viviendas / Casa 7,Graciela Correa,Mtrio. de Justicia,40,45
M01,CAPITAL,Asociacion civil misioneros de la esperanza,Los Atacamas 2465 - Corrientes Capital,"Estiveros,  Sandra",ACCION SOCIAL,,30
M02,CAPITAL,Merendero Estudiando Juntos,Bº Santa Teresita - Las Heras Nº 3165,"Gómez, Nidia del Carmen",ACCION SOCIAL,,30
M03,CAPITAL,BARRIO SEMINARIO (SUEÑOS),Barrio Seminario - Chacabuco y R.Paraná / 100 Vdas. / Mz. E / Casa 4,"Miño, Sandra",ASIST. LADR.,140,140
M04,CAPITAL,SAN EXPEDITO,Bº IRUPE GRUPO 16 CASANº 10 (BOSTON E/ ROMA Y PIROVANO,"VILLALVA, RICARDO",ACCION SOCIAL,,52
M05,CAPITAL,BARRIO SOL DE MAYO (MITAÍ PORÁ),Barrio Sol de Mayo - Mercedes 202,Raúl López,ASIST. LADR.,165,165
M07,CAPITAL,SAGRADO CORAZON,Bº Juan XXIII 32 Vdas Mza 638 Casa 11,"Cáceres, Ester Dominga",ACCION SOCIAL,,50
M08,CAPITAL,Merendero San Justo,Bº ESPERANZA Lote B Casa 8 (frente al Vivero Municipal),"Vera, Ramón Esteban",ACCION SOCIAL,30,20
M09,CAPITAL,Centro Misionero Pompeya,Sgo. del Estero 353 (Capilla San Martín de Porres),Clara Adance - Mayal Maria del Carmen,ACCION SOCIAL,,80
M10,CAPITAL,Capilla Virgen de Lujan,Bª PONCE  VIEJO - Vazquez esquina Moresi,"Gómez, María Mercedes. DNI: 20676211",ACCION SOCIAL,,80
M11,CAPITAL,Fundacion CONIN,Bº MOLINA PUNTA BELLA VISTA E/ PTA TACUARA Y PTA ÑARO,"Ferreira, Vanina",ACCION SOCIAL,,60
M12,CAPITAL,Juan XXIII Dulce Maria,Bº JUAN XXIII Potosi Nª 2470,"Ortiz, Natalio",ACCION SOCIAL,,50
M13,CAPITAL,Merendero Los Peques,Alem 350,"Gómez, Angel Ramón",ACCION SOCIAL,,80
M14,CAPITAL,Puertas del Cielo,Bº LOMAS DEL MIRADOR - Granada 700 esquina Sevilla (Ex Calle 11),Luis Aníbal López,ACCION SOCIAL,,120
M16,CAPITAL,Merendero La Providencia,Bº POPULAR  Basavilvaso   Nº 990,"Mendoza, Haidé",ACCION SOCIAL,,130
M17,CAPITAL,Merendero La Providencia II,Bº Quinta Ferré - Zacarías Sánchez 460 Sector 8 Casa 8,"Sotomayor, Alcides",ACCION SOCIAL,,80
M18,CAPITAL,Merendero Divino Niño,Bº Quintana. Mz 143 A. Grupo 2. Casa 14,"Gadea, Susana",ACCION SOCIAL,30,30
M19,CAPITAL,Escuela Especial  CARIDI,Bº SAN BENITO   Elias Abad y Perugorria,"Caplan, María Paula",ACCION SOCIAL,,140
M20,CAPITAL,Pastorcito de Fátima,Mendoza Sur y Cabo de hornos,"Ramírez, Cristina",ACCION SOCIAL,,120
M22,CAPITAL,LOS SIMPSONS,Barrio Caridi - Mza.F / Casa 9,"Martínez, Héctor",ASIST. LADR.,180,180
M23,CAPITAL,Merendero Bº Santa Teresita,Bº SANTA TERESITA   Reconquista Nº 2274,PÉREZ MARÍA ANTONIA - Benitez Alejandra,ACCION SOCIAL,,80
M24,CAPITAL,Merendero La Sagrada Familia II,Zárate 3400,"Olivera, Pascual",ACCION SOCIAL,,100
M25,CAPITAL,Merendero Bº Rey David,BARRIO POPULAR MANZANA K CASA 14 - CALLE QUINQUELA MARTIN AL 800.,"Alfonso, Adriana Isabel",ACCION SOCIAL,,170
M26,CAPITAL,Merendero San Patricio,Bº PALOMA DE LA PAZ Calle Nicaragua S/N,"Moreyra, Dominga",ACCION SOCIAL,,280
M27,CAPITAL,Merendero Cichero,Bº Cichero Mza 5 D casa 17,"Morinigo, Marcela (28903647)",ACCION SOCIAL,30,20
M28,CAPITAL,Asociacion Civil la Amistad,"Bº VILLA RAQUEL140 Viviendas, MZAG, Casa 8 por Saavedra e/ Cadiz y Andalucia","Barberan, Elizabet",ACCION SOCIAL,,280
M29,CAPITAL,Merendero Club San Cayetano,San Mateo al 100 (atrás de la Comisaría - San Cayetano),"Alderete, Héctor Omar",ACCION SOCIAL,,110
M30,CAPITAL,Niños Felices,Bº PATONO 51 VIV.  Mz  B Casa  6                   Nº 87,"MARTINEZ, SANDRA ELISABET",ACCION SOCIAL,,60
M31,CAPITAL,Merendero Santa Filomena,Bº SOL DE MAYO   Angel Navea 3698,"Pelozo, Liliana",ACCION SOCIAL,,140
M32,CAPITAL,Merendero La Edad Feliz,Bº La Chola calle Crespo y Argentina al 2000,"Valdéz, Tomasa",ACCION SOCIAL,,60
M33,CAPITAL,Capilla Roselo,"B° Quintana - Capital Nicaragua, Sta. Teresa de Calcuta y Suecia (Cel. 3794664602)","Giménez, Florentino",ACCION SOCIAL,,30
M34,CAPITAL,El Angel,Bº Parque Cadena Norte Mz 19  Casa 20,"Ramírez, Rita",ACCION SOCIAL,,50
M35,CAPITAL,Club curupay 1,Vélez Sarfield y Sgo. del Estero,"Roa, Domingo",ACCION SOCIAL,,160
M36,CAPITAL,Bº Rio Parana (SEMBRANDO SUEÑOS),Bº Río Parana Mocoretá S/N,"Sánchez, Estela",ACCION SOCIAL,,115
M37,CAPITAL,Club Curupay 2,Bº Arazati Gral Paz 70,"Romero, Angel - Benita Catalina Ozuna",ACCION SOCIAL,,75
M38,CAPITAL,Capilla Virgen de Itati,Bº ITATI   Amado Bonpland Nº 395  Sec 3  Casa 32,"Gómez, Oscar",ACCION SOCIAL,,160
M39,CAPITAL,SUM SAN JORGE,Cartagena 4090 (a media cuadra de Las Piedras),"RIOS, WALTER HORACIO",ACCION SOCIAL,,90
M40,CAPITAL,Merendero San Jorge,Bº Río Parana - Pje. Tosquera y Mocoretá,Mercedes Godoy,ACCION SOCIAL,,30
M41,CAPITAL,Club Lipton,Av. Alberdi 2267,"Barrientos, Norma Beatríz",ACCION SOCIAL,,25
M42,CAPITAL,Iglesia Jesús Vive,Bº San Roque - Guayquiraró 4266,Pastor Cristian Telechea  / Angélica Telechea,ACCION SOCIAL,,30
M43,CAPITAL,Iglesia Soldados de Jesús II,Bº Juan XXIII Pje.Callao 3719,Pastor Torales,ACCION SOCIAL,,30
M44,CAPITAL,"Iglesia Visión, Amor y Acción",Bº Juan XXIII Pje. Las Flores 3289,Pastor Medina,ACCION SOCIAL,,30
M45,CAPITAL,Merendero Cap. Santos Francisco y Jacinta Pastorcito de Fátima,Bº 3 de Abril-Cabo de Hornos al sur E/Fray IgnacioMarti y Portay calle Juan de Dios Gómez,"Castillo, Liliana",ACCION SOCIAL,,75
M46,CAPITAL,Merendero Ntra. Sra. de Guadalupe,Los Guaraníes 3115,"Pérez Cháves, Haydée",ACCION SOCIAL,,40
M47,CAPITAL,Capilla Guadalupe,Los Tehuelches y Matacos - Bº San Antonio Oeste (Tunuyán 3376),"Navarro, Tomasa",ACCION SOCIAL,,40
M48,CAPITAL,Merendero Porá,Bº La Chola calle S/N entre Gato y Mancha y Argentina,"García, Analía",ACCION SOCIAL,,65
M49,CAPITAL,Merendero Niños Felices II,Bº Quintana – calle 510 y Milán,"Vallejos, Néstor Horacio - Ramirez Silvia",ACCION SOCIAL,60,80
M50,CAPITAL,Merendero Los Kunumies,Bº Esperanza - 70 Viv. - MZ L2  - Casa 10,"Aguirre, Norma Liliana",ACCION SOCIAL,,40
M51,CAPITAL,Merendero Carita Feliz,Bº Juan XXII - Gato y Mancha Nº 1150,"Romero, Ramona",ACCION SOCIAL,,40
M52,CAPITAL,Merendero Efraín,B° 17 de Agosto - Cerdeña N° 5063,"Ruiz Díaz, Alberto - Glovasky, Mónica",ACCION SOCIAL,,40
M53,CAPITAL,Merendero COIMAC,Bº Juan XXIII Ricardo Gutiérrez 3245,"Gallardo, José",ACCION SOCIAL,,60
M54,CAPITAL,Carita de Ángel,Bº Virgen de los Dolores mza 2 casa 2,"López Miranda, Ailin Melanie Milagros",ACCION SOCIAL,,50
M55,CAPITAL,Ministerio de Desarrollo Social,Murcia 59,,ACCION SOCIAL,375,682
M56,CAPITAL,Merendero Santa Ana,Santa Ana,"Navorrete Augusto - González, Carmen",ACCION SOCIAL,100,
M57,Mercedes,Delegación Desarrollo Social (Mercedes),Av. San Martín entre Paraíso y Sta. Fe (Cel. 3773406627),ANGELA RIQUELME,ACCION SOCIAL,200,300